keyword,tags,volume_us,global_volume,difficulty,traffic_potential,parent_topic,nx_position,nx_url
angular micro frontends,module-federation,50,150,1,150,micro frontend angular,5,https://nx.dev/docs/technologies/angular/guides/dynamic-module-federation-with-angular
angular module federation,module-federation,100,600,8,30,module federation,7,https://nx.dev/docs/technologies/angular/guides/dynamic-module-federation-with-angular
circular dependency,monorepo-organization,300,1200,1,100,circular dependency,not_ranking,
eslint flat config,cli-misc,150,700,2,60,eslint flat config,10,https://nx.dev/docs/technologies/eslint/guides/flat-config
gradle monorepo,monorepo,50,90,0,30,gradle monorepo,not_ranking,
micro frontend,module-federation,800,5800,27,1200,micro frontend,4,https://nx.dev/docs/technologies/module-federation/concepts/micro-frontend-architecture
module federation,module-federation,700,4900,17,450,module federation,9,https://nx.dev/docs/technologies/module-federation/introduction
monorepo,monorepo,5600,20000,62,2800,monorepo,8,https://nx.dev/
nx,cli-misc|branded,19000,175000,78,15000,nx,1,https://nx.dev/
nx github,ci-misc|branded,250,1500,41,450,nx monorepo,4,https://nx.dev/docs/features/ci-features/github-integration
pnpm workspaces,monorepo,300,2100,30,150,pnpm workspaces,10,https://nx.dev/blog/setup-a-monorepo-with-pnpm-workspaces-and-speed-it-up-with-nx
poly repo,monorepo,150,200,5,150,monorepo vs polyrepo,2,https://nx.dev/docs/concepts/decisions/overview
turbo monorepo,monorepo,70,250,3,4600,turborepo,4,https://nx.dev/docs/guides/adopting-nx/nx-vs-turborepo
turborepo vs nx,cli-competitors|branded,150,1000,4,150,nx vs turborepo,2,https://nx.dev/docs/guides/adopting-nx/nx-vs-turborepo
typescript monorepo,monorepo,70,250,3,10,typescript monorepo,3,https://nx.dev/blog/managing-ts-packages-in-monorepos
what is a monorepo,monorepo,4100,52000,40,1500,what is a monorepo,1,https://nx.dev/docs/kb/what-is-a-monorepo
yarn workspaces,monorepo,600,29000,4,250,yarn workspaces,7,https://nx.dev/docs/guides/tips-n-tricks/yarn-workspaces
build cache,ci-caching,80,100,21,200,gradle build cache,not_ranking,
ci caching,ci-caching,no_data,no_data,no_data,no_data,no_data,not_ranking,
ci compute cost,ci-cost,no_data,no_data,no_data,no_data,no_data,not_ranking,
flaky tests ci,ci-flaky,0,0,no_data,no_data,no_data,not_ranking,
monorepo ci,ci-cd,10,10,no_data,no_data,no_data,not_ranking,
monorepo ci/cd,ci-cd,60,60,no_data,no_data,no_data,not_ranking,
reduce ci costs,ci-cost,20,20,no_data,no_data,no_data,not_ranking,
remote cache,ci-caching,20,50,25,70,bazel remote cache,9,https://nx.dev/remote-cache
speed up ci,ci-caching,no_data,no_data,no_data,no_data,no_data,not_ranking,
build observability platform,ci-observability,no_data,no_data,no_data,no_data,no_data,not_ranking,
ci analytics,ci-observability,50,100,0,10,ci analytics,not_ranking,
ci build time trends,ci-observability,no_data,no_data,no_data,no_data,no_data,not_ranking,
ci metrics dashboard,ci-observability,no_data,no_data,no_data,no_data,no_data,not_ranking,
ci observability,ci-observability,30,40,no_data,no_data,no_data,not_ranking,
circleci build insights alternative,ci-observability,no_data,no_data,no_data,no_data,no_data,not_ranking,
develocity build scan alternative,ci-observability,no_data,no_data,no_data,no_data,no_data,not_ranking,
flaky test detection,ci-flaky,40,150,12,10,flaky test detection,not_ranking,
github actions build time analytics,ci-observability,no_data,no_data,no_data,no_data,no_data,not_ranking,
github actions job duration metrics,ci-observability,no_data,no_data,no_data,no_data,no_data,not_ranking,
github actions runner out of memory,ci-observability,no_data,no_data,no_data,no_data,no_data,not_ranking,
github actions slow workflow,ci-observability,no_data,no_data,no_data,no_data,no_data,not_ranking,
monorepo ci metrics,ci-observability,no_data,no_data,no_data,no_data,no_data,not_ranking,
why is my ci slow,ci-caching,no_data,no_data,no_data,no_data,no_data,not_ranking,
ci cpu profile,ci-observability,no_data,no_data,no_data,no_data,no_data,not_ranking,
ci cpu profiling,ci-observability,no_data,no_data,no_data,no_data,no_data,not_ranking,
ci memory profile,ci-observability,no_data,no_data,no_data,no_data,no_data,not_ranking,
ci memory profiling,ci-observability,no_data,no_data,no_data,no_data,no_data,not_ranking,
.net monorepo,monorepo,10,20,no_data,no_data,no_data,not_ranking,
best monorepo tools,monorepo,30,90,3,10,best monorepo tools,not_ranking,
bun workspace,monorepo,0,40,no_data,no_data,no_data,not_ranking,
dotnet monorepo,monorepo,0,20,no_data,no_data,no_data,not_ranking,
gradle monoreop,monorepo,no_data,no_data,no_data,no_data,no_data,not_ranking,
java monorepo,monorepo,20,40,no_data,no_data,no_data,not_ranking,
javascript monorepo,monorepo,10,10,12,10,npm monorepo,6,https://nx.dev/
js monorepo,monorepo,0,10,22,10,js monorepo,not_ranking,
maven monorepo,monorepo,0,10,no_data,no_data,no_data,not_ranking,
monorepo structure,monorepo,150,500,3,2400,what is a monorepo,9,https://nx.dev/docs/concepts/decisions/folder-structure
monorepo tutorial,monorepo,0,20,no_data,no_data,no_data,not_ranking,
monorepo vs,monorepo,150,200,0,40,monorepo vs,8,https://nx.dev/docs/concepts/decisions/monorepo-vs-polyrepo
monorepo vs polyrepo,monorepo,400,1400,2,200,monorepo vs polyrepo,1,https://nx.dev/docs/kb/monorepo-vs-polyrepo
npm workspace,monorepo,100,600,12,0,package json workspaces,not_ranking,
pnpm workspace,monorepo,80,54000,31,150,pnpm workspaces,5,https://nx.dev/docs/kb/pnpm-workspaces
python monorepo,monorepo,30,100,2,10,python monorepo,not_ranking,
ts monorepo,monorepo,0,20,no_data,no_data,no_data,not_ranking,
turborepo alternatives,monorepo,30,100,no_data,no_data,no_data,not_ranking,
yarn workspace,monorepo,10,70,4,300,yarn workspaces,not_ranking,
nestjs monorepo,monorepo,30,300,1,10,nestjs monorepo,not_ranking,
react monorepo,monorepo,30,150,1,30,vite monorepo,2,https://nx.dev/react
vite monorepo,monorepo,50,100,3,30,vite monorepo,not_ranking,
angular cli vs nx,cli-competitors|branded,0,0,no_data,no_data,no_data,not_ranking,
bazel alternative,cli-competitors,0,10,no_data,no_data,no_data,not_ranking,
bazel vs nx,cli-competitors|branded,50,90,1,10,bazel vs nx,not_ranking,
bun workspace vs nx,cli-competitors|branded,no_data,no_data,no_data,no_data,no_data,not_ranking,
google build system alternative,cli-competitors,no_data,no_data,no_data,no_data,no_data,not_ranking,
lerna,cli-competitors,1800,6400,26,150,lerna typescript,not_ranking,
lerna alternative,cli-competitors,0,10,no_data,no_data,no_data,not_ranking,
lerna vs nx,cli-competitors|branded,20,100,1,20,lerna vs nx,4,https://nx.dev/blog/lerna-is-dead-long-live-lerna
migrate nx to turborepo,cli-competitors|branded,0,0,no_data,no_data,no_data,not_ranking,
migrate turborepo to nx,cli-competitors|branded,no_data,no_data,no_data,no_data,no_data,not_ranking,
npm workspace vs nx,cli-competitors|branded,0,0,no_data,no_data,no_data,not_ranking,
nx vs bazel,cli-competitors|branded,50,90,1,20,bazel vs nx,10,https://nx.dev/docs/guides/comparisons/nx-vs-bazel
nx vs lerna,cli-competitors|branded,20,50,1,10,nx vs lerna,3,https://nx.dev/blog/lerna-is-dead-long-live-lerna
nx vs turbo,cli-competitors|branded,10,50,no_data,no_data,no_data,not_ranking,
nx vs turborepo,cli-competitors|branded,200,900,3,150,nx vs turborepo,1,https://nx.dev/docs/guides/adopting-nx/nx-vs-turborepo
pnpm workspace vs nx,cli-competitors|branded,0,0,no_data,no_data,no_data,not_ranking,
rush stack,cli-competitors,10,10,no_data,no_data,no_data,not_ranking,
rush stack vs nx,cli-competitors|branded,no_data,no_data,no_data,no_data,no_data,not_ranking,
turbo vs nx,cli-competitors|branded,20,80,no_data,no_data,no_data,not_ranking,
turborepo,cli-competitors,14000,71000,1,14000,turborepo,not_ranking,
turborepo alternative,cli-competitors,10,20,no_data,no_data,no_data,not_ranking,
yarn workspace vs nx,cli-competitors|branded,0,0,no_data,no_data,no_data,not_ranking,
bazel vs,cli-competitors,10,100,no_data,no_data,no_data,not_ranking,
rush stack alternative,cli-competitors,no_data,no_data,no_data,no_data,no_data,not_ranking,
rush stack vs,cli-competitors,no_data,no_data,no_data,no_data,no_data,not_ranking,
turborepo vs,cli-competitors,10,40,no_data,no_data,no_data,not_ranking,
ci pipeline bottleneck,ci-observability,no_data,no_data,no_data,no_data,no_data,not_ranking,
flaky tests,ci-flaky,400,2100,6,350,flaky tests meaning,not_ranking,
github actions cost,ci-cost,450,1000,42,1200,github actions pricing,not_ranking,
ci cd best practices,ci-cd,400,1000,14,1300,ci cd best practices,not_ranking,
ci cd pipeline,ci-cd,4800,24000,0,3200,ci/cd pipeline,not_ranking,
ci cd pipeline best practices,ci-cd,150,150,14,1300,ci cd best practices,not_ranking,
monorepo best practices,monorepo,70,150,4,6000,what is a monorepo,not_ranking,
