,672713,113053,5.950421483728871,1837124,0,0,0.45096953779860666,223820,246228,Grand total
/docs/getting-started/intro,66328,35390,1.8742017519073184,171274,0,0,0.19384599436775454,17054,19345
/docs/getting-started/installation,26931,15904,1.6933475855130784,70309,0,0,0.25735265996098977,7302,9955
/docs/getting-started/start-new-project,18021,10273,1.7542100652195074,47607,0,0,0.1556306162768466,2969,3869
/docs/reference/nx-commands,14105,8135,1.7338660110633066,39019,0,0,0.3625548318489964,7568,7249
/docs/technologies/angular/guides/angular-nx-version-matrix,11463,5479,2.092170104033583,33182,0,0,0.34134698837007466,6267,5844
/docs/getting-started/tutorials/angular-monorepo-tutorial,10605,5417,1.9577256784197896,28956,0,0,0.30771490111611516,4324,4677
/docs/getting-started/start-with-existing-project,9620,6094,1.5786019035116508,22906,0,0,0.11812316715542522,998,1785
/docs/features/automate-updating-dependencies,8639,5031,1.7171536473862055,23311,0,0,0.3167492357963529,3642,3983
/docs/getting-started/ai-setup,8562,5488,1.560131195335277,24363,0,0,0.3686155183655727,4336,4467
/docs/reference/project-configuration,8355,5030,1.6610337972166997,22580,0,0,0.30402039161163247,3737,3787
/docs/getting-started/tutorials/react-monorepo-tutorial,8296,4548,1.824098504837291,21355,0,0,0.2729576445034391,2167,3347
/docs/technologies/angular/generators,8010,3729,2.148028962188254,20319,0,0,0.4234634260341201,3847,4552
/docs/features/run-tasks,7737,5139,1.5055458260361938,19167,0,0,0.22793553338449732,1701,2559
/docs/features/enhance-ai,6956,4855,1.4327497425334705,17772,0,0,0.3922209026128266,3145,3791
/docs/technologies/node/nest/introduction,6885,3034,2.26928147659855,17726,0,0,0.2864583333333333,1736,3303
/docs/quickstart,6450,4836,1.3337468982630274,16229,0,0,0.16876201745303948,958,2118
/docs/technologies/angular/introduction,6270,3413,1.8370934661588045,15830,0,0,0.17571501969515327,999,1788
/docs/getting-started/editor-setup,5911,4350,1.3588505747126436,15124,0,0,0.15431560592850915,1291,1562
/docs/getting-started/tutorials/typescript-packages-tutorial,5859,3652,1.6043263964950711,14468,0,0,0.20091170015195003,1075,2023
/docs/features/generate-code,5347,3577,1.4948280682135868,13820,0,0,0.24470499243570348,1689,1752
/docs/plugin-registry,5044,3134,1.6094447989789407,15848,0,0,0.20938556373036388,1933,2065
/docs/reference/nx-json,4616,2732,1.6896046852122988,11641,0,0,0.24783549783549783,1502,1692
/docs/features/ci-features/affected,4524,2635,1.7168880455407969,13996,0,0,0.33719276863701,2451,2352
/docs/technologies/typescript/generators,4489,2546,1.763157894736842,11667,0,0,0.31241830065359477,1656,1806
/docs/features/explore-graph,4318,3028,1.4260237780713343,11700,0,0,0.28438228438228436,1620,1834
/docs/technologies/react/introduction,4314,2496,1.7283653846153846,10854,0,0,0.19101382488479263,648,1230
/docs/technologies/react/next/introduction,4206,2043,2.0587371512481645,10559,0,0,0.2800469483568075,1029,1947
/docs/technologies/typescript/introduction,4184,2433,1.7196876284422524,10504,0,0,0.1751497005988024,669,1204
/docs/technologies/angular/migrations,4132,2105,1.9629453681710214,9971,0,0,0.22959889349930843,1400,1453
/docs/guides/adopting-nx/adding-to-monorepo,4126,2836,1.4548660084626235,10821,0,0,0.2235236700829673,1281,1474
/docs/features/enforce-module-boundaries,4124,2558,1.6121970289288508,11622,0,0,0.29835914028195054,1874,1958
/docs/guides/tips-n-tricks/advanced-update,4088,2349,1.7403150276713495,10369,0,0,0.2876284055381867,1430,1808
/docs/technologies/angular/guides/nx-and-angular,3972,2445,1.6245398773006134,10751,0,0,0.28857669276830955,1844,1647
/docs/features/manage-releases,3925,2294,1.7109851787271142,11187,0,0,0.21584769745304863,1424,1080
/docs/technologies/angular/guides/dynamic-module-federation-with-angular,3874,2004,1.93313373253493,11205,0,0,0.4274863517683361,2182,2404
/docs/technologies/module-federation/concepts/micro-frontend-architecture,3785,2350,1.6106382978723404,12136,0,0,0.37410780211666256,2497,2095
/docs/concepts/buildable-and-publishable-libraries,3741,2606,1.435533384497314,11177,0,0,0.2161682716675114,1409,1342
/docs/reference/create-nx-workspace,3660,2356,1.5534804753820033,10194,0,0,0.22335423197492163,1205,1361
/docs/technologies/angular/executors,3577,1777,2.0129431626336522,9282,0,0,0.3290909090909091,1328,1451
/docs/getting-started/nx-cloud,3523,2794,1.2609162491052255,9355,0,0,0.1934745277618775,980,935
/docs/concepts/decisions/why-monorepos,3491,2780,1.2557553956834533,11378,0,0,0.3411983032873807,2108,1669
/docs/getting-started/tutorials,3450,2815,1.2255772646536411,9844,0,0,0.051734820322180915,532,315
/docs/concepts/decisions/folder-structure,3443,2142,1.6073762838468721,10776,0,0,0.2723440134907251,1671,1536
/docs/technologies/react/generators,3362,1897,1.7722720084343702,8159,0,0,0.26916221033868093,1054,1388
/docs/guides/tips-n-tricks/define-environment-variables,3178,1944,1.6347736625514404,10073,0,0,0.3635849590048063,1741,1840
/docs/technologies/node/introduction,3100,1926,1.6095534787123573,8178,0,0,0.20855263157894738,743,959
/docs/technologies/test-tools/storybook/introduction,3097,1497,2.0688042752171008,8918,0,0,0.3217714462681945,1405,1375
/docs/features/cache-task-results,3076,2222,1.3843384338433844,7354,0,0,0.16977363515312915,540,748
/docs/reference/nx/executors,3039,1945,1.5624678663239076,8196,0,0,0.31524072370438516,1185,1422
/docs/concepts/decisions/dependency-management,2907,2020,1.439108910891089,9055,0,0,0.2567389875082183,1341,1231
/docs/guides/tasks--caching/terminal-ui,2836,1983,1.4301563287947554,9326,0,0,0.38925132028580306,1870,1948
/docs/reference/nx/migrations,2806,1928,1.4553941908713692,7435,0,0,0.16992259491338002,1205,717
/docs/technologies/typescript/executors,2771,1536,1.8040364583333333,7416,0,0,0.27246585190510425,1045,1132
/docs/features/maintain-typescript-monorepos,2768,2014,1.374379344587885,6945,0,0,0.13679245283018868,366,639
/docs/concepts/typescript-project-linking,2726,1539,1.7712800519818064,7741,0,0,0.3228655544651619,1293,1407
/docs/technologies/build-tools/vite/guides/configure-vite,2721,1660,1.639156626506024,7917,0,0,0.27715219760261534,1361,1091
/docs/technologies/eslint/eslint-plugin/introduction,2700,823,3.280680437424058,7334,0,0,0.04918032786885246,43,108
/docs/guides/adopting-nx/adding-to-existing-project,2660,1835,1.449591280653951,6622,0,0,0.22783389450056116,740,892
/docs/guides/nx-cloud/setup-ci,2632,1831,1.4374658656471873,7578,0,0,0.3149171270718232,1241,1306
/docs/technologies/angular/migration/angular,2599,1482,1.753711201079622,6653,0,0,0.3130337913108058,925,1134
/docs/technologies/module-federation/concepts/module-federation-and-nx,2594,1503,1.7258815701929475,8211,0,0,0.27952453987730064,1426,1025
/docs/technologies/node/nest,2565,1722,1.4895470383275262,8725,0,0,0.12494539100043688,1458,369
/docs/technologies/test-tools/jest/introduction,2528,1466,1.7244201909959072,6959,0,0,0.28943452380952384,788,1309
/docs/guides/installation/update-global-installation,2470,1825,1.3534246575342466,7259,0,0,0.17364016736401675,785,765
/docs/reference/workspace/generators,2461,1527,1.6116568434839555,6603,0,0,0.29386479093395856,1022,1061
/docs/technologies/build-tools/docker/introduction,2395,1307,1.8324407039020658,7122,0,0,0.24187577128753598,1016,951
/docs/technologies/eslint/introduction,2292,1306,1.754977029096478,6566,0,0,0.19659735349716445,541,662
/docs/technologies/react/expo/introduction,2286,964,2.371369294605809,6119,0,0,0.3055555555555556,702,1130
/docs/concepts/inferred-tasks,2265,1476,1.5345528455284554,5708,0,0,0.2040636042402827,545,750
/docs/reference/environment-variables,2202,1466,1.5020463847203274,5985,0,0,0.29597946963216426,1004,1058
/docs/concepts/how-caching-works,2194,1504,1.4587765957446808,6284,0,0,0.27666083916083917,1109,887
/docs/concepts/decisions/project-dependency-rules,2136,1218,1.7536945812807883,6071,0,0,0.33854399285395265,944,1026
/docs/technologies/node/nest/generators,2114,1162,1.819277108433735,5555,0,0,0.3325892857142857,766,1036
/docs/features/ci-features/self-healing-ci,2113,1657,1.2751961375980687,5751,0,0,0.4618604651162791,1218,1290
/docs/guides/nx-release/publish-in-ci-cd,2104,1154,1.8232235701906412,5798,0,0,0.24110486891385768,763,832
/docs/guides/tasks--caching/self-hosted-caching,2096,1088,1.9264705882352942,6087,0,0,0.26750629722921915,859,794
/docs/reference/releases,2089,1446,1.4446749654218534,6152,0,0,0.19492789656887122,746,718
/docs/technologies/react/next,2084,1361,1.5312270389419544,7128,0,0,0.1282051282051282,1091,289
/docs/features/ci-features/remote-cache,2063,1431,1.4416491963661775,5404,0,0,0.22555663117134558,622,712
/docs/technologies/angular,2027,1520,1.3335526315789474,6347,0,0,0.1699481865284974,950,413
/docs/technologies/build-tools/vite/introduction,2012,1299,1.5488837567359508,5717,0,0,0.17091454272863568,531,617
/docs/concepts/executors-and-configurations,2003,1405,1.4256227758007118,5438,0,0,0.20329138431752178,614,607
/docs/features/ci-features/flaky-tasks,1999,1401,1.4268379728765168,6527,0,0,0.47203098106712565,1540,1470
/docs/technologies/test-tools/playwright/introduction,1992,1036,1.9227799227799227,5265,0,0,0.32095238095238093,572,1069
/docs/technologies/module-federation/concepts/faster-builds-with-module-federation,1913,1046,1.8288718929254302,4783,0,0,0.28766430738119314,610,961
/docs/technologies/dotnet/introduction,1868,1032,1.810077519379845,4920,0,0,0.22447795823665892,514,762
/docs/troubleshooting/troubleshoot-nx-install-issues,1854,1317,1.4077448747152619,5962,0,0,0.32323759791122714,1051,999
/docs/technologies/module-federation/introduction,1844,1157,1.5937770095073467,4543,0,0,0.15497076023391812,314,448
/docs/guides/nx-release/automatically-version-with-conventional-commits,1797,938,1.915778251599147,5090,0,0,0.2134484885872918,530,576
/docs/technologies/node/express/introduction,1778,788,2.2563451776649748,4743,0,0,0.16985645933014354,206,362
/docs/technologies/eslint/guides/eslint,1772,1098,1.6138433515482695,5332,0,0,0.2571921749136939,790,669
/docs/concepts/nx-daemon,1750,1320,1.3257575757575757,5534,0,0,0.2909471480900052,910,918
/docs/technologies/module-federation/guides/create-a-host,1744,845,2.063905325443787,4712,0,0,0.21377517868745938,468,494
/docs/extending-nx/local-generators,1741,995,1.749748743718593,5081,0,0,0.3015368309485957,732,798
/docs/concepts/common-tasks,1718,1314,1.3074581430745815,4394,0,0,0.1085814360770578,175,322
/docs/technologies/node/generators,1685,1021,1.6503428011753183,4166,0,0,0.2313386798272671,402,574
/docs/guides/tasks--caching/skipping-cache,1676,1141,1.4688869412795793,5333,0,0,0.4721525338685399,1109,1097
/docs/technologies/build-tools/vite/generators,1666,997,1.671013039117352,4427,0,0,0.23923739237392375,560,610
/docs/technologies/test-tools/vitest/introduction,1633,839,1.9463647199046483,4720,0,0,0.2569145666871543,561,687
/docs/technologies/angular/guides/using-tailwind-css-with-angular-projects,1622,1002,1.6187624750499001,5263,0,0,0.2577120822622108,715,824
/docs/features/ci-features/distribute-task-execution,1621,1163,1.3938091143594153,4277,0,0,0.330625,686,734
/docs/technologies/react/react-native/introduction,1609,849,1.895170789163722,4817,0,0,0.3404634581105169,705,771
/docs/technologies/react/next/guides/next-config-setup,1606,1090,1.473394495412844,4428,0,0,0.18890920170627665,397,568
/docs/technologies/react/guides/using-tailwind-css-in-react,1587,887,1.7891770011273957,4973,0,0,0.2610738255033557,667,743
/docs/technologies,1586,1226,1.2936378466557912,3731,0,0,0.06285714285714286,112,156
/docs/reference/remote-cache-plugins/s3-cache/overview,1514,661,2.2904689863842664,4248,0,0,0.3141250878425861,558,675
/docs/guides/nx-release/release-projects-independently,1513,831,1.8206979542719615,4195,0,0,0.1783783783783784,348,444
/docs/technologies/typescript/guides/switch-to-workspaces-project-references,1509,842,1.7921615201900238,4232,0,0,0.284325637910085,568,680
/docs/technologies/eslint/eslint-plugin,1504,860,1.7488372093023257,4651,0,0,0.07612781954887218,356,129
/docs/guides/adopting-nx/from-turborepo,1498,1137,1.3175021987686895,4512,0,0,0.29751511081262594,829,643
/docs/technologies/eslint/eslint-plugin/guides/dependency-checks,1479,928,1.59375,4085,0,0,0.3058527375707992,572,669
/docs/guides/nx-release,1472,802,1.8354114713216958,4110,0,0,0.1377672209026128,578,244
/docs/concepts/mental-model,1422,990,1.4363636363636363,3674,0,0,0.25150501672240805,427,546
/docs/technologies/angular/guides/use-environment-variables-in-angular,1368,962,1.4220374220374221,4243,0,0,0.34543010752688175,789,824
/docs/technologies/eslint/executors,1336,863,1.548088064889919,3902,0,0,0.3149931224209078,685,687
/docs/reference/plugin/generators,1321,957,1.380355276907001,3331,0,0,0.1725214676034348,244,342
/docs/reference/devkit,1315,772,1.7033678756476685,3691,0,0,0.18326359832635983,346,362
/docs/technologies/module-federation/guides/create-a-remote,1310,715,1.832167832167832,3618,0,0,0.24860557768924302,388,468
/docs/technologies/test-tools/jest/executors,1308,835,1.5664670658682636,3965,0,0,0.3391730903994394,705,739
/docs/technologies/eslint/eslint-plugin/guides/enforce-module-boundaries,1306,833,1.567827130852341,3681,0,0,0.3137535816618911,515,653
/docs/guides/ci-deployment,1297,992,1.3074596774193548,3659,0,0,0.17758369723435224,385,423
/docs/technologies/test-tools/playwright,1293,823,1.5710814094775212,4669,0,0,0.1549165120593692,833,182
/docs/guides/adopting-nx/import-project,1286,802,1.6034912718204488,3489,0,0,0.24582701062215478,438,488
/docs/reference/inputs,1286,808,1.5915841584158417,3474,0,0,0.260806916426513,468,532
/docs/guides/nx-release/automate-github-releases,1284,728,1.7637362637362637,3390,0,0,0.13593073593073593,233,287
/docs/guides/nx-release/release-docker-images,1242,659,1.8846737481031866,3449,0,0,0.24202334630350195,346,497
/docs/reference/nodejs-typescript-compatibility,1226,883,1.3884484711211778,3614,0,0,0.3338048090523338,590,666
/docs/technologies/test-tools/jest,1213,910,1.332967032967033,4290,0,0,0.14967860422405876,772,197
/docs/guides/tips-n-tricks/keep-nx-versions-in-sync,1210,928,1.3038793103448276,3122,0,0,0.12957074721780604,151,340
/docs/guides/nx-release/release-npm-packages,1193,753,1.5843293492695882,3485,0,0,0.2270042194092827,368,451
/docs/guides/tasks--caching/run-tasks-in-parallel,1179,824,1.4308252427184467,3782,0,0,0.3120510774142059,626,552
/docs/guides/installation/install-non-javascript,1176,933,1.2604501607717042,3042,0,0,0.1374113475177305,155,257
/docs/troubleshooting/ci-execution-failed,1159,699,1.658082975679542,3619,0,0,0.48334833483348333,740,740
/docs/technologies/eslint/guides/flat-config,1154,742,1.5552560646900269,3720,0,0,0.31493506493506496,559,634
/docs/technologies/typescript/guides/compile-multiple-formats,1125,790,1.4240506329113924,3048,0,0,0.22953736654804271,370,399
/docs/technologies/build-tools/vite/executors,1118,684,1.6345029239766082,2994,0,0,0.25107851596203623,420,463
/docs/guides/tasks--caching/workspace-watching,1117,695,1.6071942446043166,3484,0,0,0.3010842368640534,559,525
/docs/technologies/react/expo,1070,677,1.5805022156573116,3778,0,0,0.14437367303609341,667,184
/docs/guides/nx-release/file-based-versioning-version-plans,1064,661,1.6096822995461422,2908,0,0,0.28110599078341014,376,439
/docs/guides/nx-console/console-migrate-ui,1061,795,1.3345911949685534,2614,0,0,0.16695652173913045,175,341
/docs/technologies/angular/migration/angular-multiple,1060,657,1.613394216133942,2661,0,0,0.13557594291539246,189,263
/docs/guides/tasks--caching/run-commands-executor,1059,840,1.2607142857142857,3172,0,0,0.19136960600375236,437,344
/docs/technologies/eslint/eslint-plugin/guides,1051,672,1.5639880952380953,3083,0,0,0.05119047619047619,28,87
/docs/concepts/nx-plugins,1049,814,1.2886977886977886,2678,0,0,0.16731898238747553,221,215
/docs/concepts/decisions/overview,1044,849,1.2296819787985867,3133,0,0,0.20899718837863168,361,368
/docs/technologies/build-tools/webpack/guides/webpack-plugins,1044,621,1.681159420289855,2774,0,0,0.2848893166506256,385,440
/docs/technologies/node/guides/application-proxies,1044,781,1.3367477592829706,3067,0,0,0.2696411251212415,369,411
/docs/technologies/react/next/generators,1031,666,1.548048048048048,2505,0,0,0.24373795761078998,266,379
/docs/technologies/build-tools/webpack/guides/webpack-config-setup,1018,647,1.5734157650695517,2926,0,0,0.27861163227016883,364,423
/docs/extending-nx/local-executors,1015,646,1.5712074303405572,3006,0,0,0.3351749539594843,450,557
/docs/extending-nx/intro,1004,700,1.4342857142857144,2734,0,0,0.2072588347659981,276,274
/docs/concepts/sync-generators,995,654,1.5214067278287462,2722,0,0,0.2237487733071639,330,344
/docs/technologies/node/express/generators,987,442,2.233031674208145,2501,0,0,0.2881745120551091,217,391
/docs/technologies/build-tools/esbuild/introduction,983,611,1.6088379705400981,2883,0,0,0.189873417721519,347,320
/docs/guides/tasks--caching/pass-args-to-commands,979,674,1.4525222551928783,2934,0,0,0.2274975272007913,352,383
/docs/technologies/react/guides/adding-assets-react,978,692,1.4132947976878614,2768,0,0,0.3080708661417323,432,447
/docs/guides/tasks--caching/configure-inputs,971,570,1.7035087719298245,2478,0,0,0.23258306538049303,222,320
/docs/technologies/react/next/executors,967,615,1.5723577235772357,2724,0,0,0.2972972972972973,361,436
/docs/guides/nx-console,943,761,1.2391590013140605,3199,0,0,0.30010718113612006,620,314
/docs/technologies/test-tools/storybook/guides/overview-angular,941,543,1.732965009208103,2723,0,0,0.2870275791624106,440,408
/docs/technologies/build-tools/webpack/executors,937,628,1.4920382165605095,2687,0,0,0.27243928194297784,429,421
/docs/reference/nx/generators,936,720,1.3,2481,0,0,0.08953488372093023,110,124
/docs/features/ci-features/split-e2e-tasks,929,617,1.505672609400324,2390,0,0,0.20021762785636563,305,317
/docs/reference/plugin,925,701,1.3195435092724679,2873,0,0,0.08679245283018867,201,98
/docs/reference/nx-cloud-cli,923,606,1.523102310231023,2338,0,0,0.18857758620689655,246,323
/docs/technologies/eslint,920,621,1.4814814814814814,2808,0,0,0.1335978835978836,313,131
/docs/guides/nx-release/build-before-versioning,904,546,1.6556776556776556,2287,0,0,0.14011976047904193,122,156
/docs/guides/nx-console/console-generate-command,897,691,1.2981186685962374,2389,0,0,0.16817155756207675,158,221
/docs/getting-started/tutorials/gradle-tutorial,886,626,1.415335463258786,2138,0,0,0.18792710706150342,210,256
/docs/technologies/test-tools/cypress/introduction,877,487,1.8008213552361396,2360,0,0,0.2681564245810056,250,410
/docs/technologies/angular/guides/setup-incremental-builds-angular,876,628,1.394904458598726,2384,0,0,0.22126745435016112,262,357
/docs/technologies/build-tools/rspack/introduction,871,507,1.7179487179487178,2556,0,0,0.21455457967377667,330,256
/docs/technologies/test-tools/storybook/guides/angular-configuring-styles,865,622,1.3906752411575563,2490,0,0,0.3264367816091954,476,456
/docs/technologies/vue/introduction,865,518,1.66988416988417,2341,0,0,0.197352587244284,140,277
/docs/technologies/java/maven/introduction,863,461,1.8720173535791758,2396,0,0,0.2222222222222222,246,339
/docs/technologies/module-federation/guides/federate-a-module,860,518,1.6602316602316602,2301,0,0,0.17122473246135553,194,244
/docs/guides/nx-release/customize-conventional-commit-types,858,472,1.8177966101694916,2226,0,0,0.19554455445544555,220,277
/docs/technologies/build-tools/esbuild/executors,849,477,1.779874213836478,2435,0,0,0.3039647577092511,317,430
/docs/guides/nx-release/configure-changelog-format,844,482,1.7510373443983402,2265,0,0,0.16623711340206185,171,235
/docs/technologies/angular/angular-rspack/introduction,843,544,1.5496323529411764,2341,0,0,0.17183462532299743,193,257
/docs/technologies/react/next/guides,840,655,1.282442748091603,2373,0,0,0.018396846254927726,18,25
/docs/technologies/java/introduction,800,602,1.3289036544850499,2194,0,0,0.14524421593830333,132,207
/docs/technologies/java/gradle/introduction,796,389,2.0462724935732646,1948,0,0,0.2689189189189189,240,332
/docs/guides/adopting-nx,792,603,1.3134328358208955,1865,0,0,0.05555555555555555,69,54
/docs/concepts/ci-concepts/parallelization-distribution,769,597,1.288107202680067,2321,0,0,0.25116822429906543,355,330
/docs/reference/workspace,755,617,1.2236628849270665,2447,0,0,0.12073863636363637,216,119
/docs/troubleshooting/unknown-local-cache,744,497,1.4969818913480886,2414,0,0,0.3707440100882724,442,400
/docs/technologies/test-tools/storybook/generators,736,483,1.5238095238095237,1913,0,0,0.2689295039164491,226,311
/docs/technologies/module-federation/concepts/nx-module-federation-technical-overview,732,421,1.7387173396674585,1957,0,0,0.2619974059662776,249,325
/docs/technologies/module-federation/concepts/manage-library-versions-with-module-federation,722,448,1.6116071428571428,2150,0,0,0.2833333333333333,316,347
/docs/technologies/eslint/generators,721,480,1.5020833333333334,1841,0,0,0.19321533923303835,152,227
/docs/guides/nx-release/release-groups,718,418,1.7177033492822966,1806,0,0,0.180349932705249,138,211
/docs/troubleshooting/resolve-circular-dependencies,717,554,1.2942238267148014,2519,0,0,0.40316686967113274,471,449
/docs/technologies/test-tools/cypress,715,465,1.5376344086021505,2556,0,0,0.19528619528619529,418,162
/docs/concepts,702,508,1.3818897637795275,1696,0,0,0.15976331360946747,152,153
/docs/guides/nx-release/configure-custom-registries,700,496,1.4112903225806452,2013,0,0,0.22959889349930843,240,261
/docs/guides/tips-n-tricks/include-assets-in-build,699,491,1.4236252545824848,2145,0,0,0.3063660477453581,329,329
/docs/technologies/typescript/guides/define-secondary-entrypoints,688,450,1.528888888888889,2066,0,0,0.28444444444444444,288,268
/docs/guides/adopting-nx/manual,682,518,1.3166023166023166,1832,0,0,0.16666666666666666,127,166
/docs/technologies/test-tools/storybook/guides/overview-react,674,449,1.5011135857461024,1897,0,0,0.24383164005805516,228,244
/docs/reference/nx,671,533,1.2589118198874296,1990,0,0,0.07296849087893864,90,62
/docs/technologies/react/executors,670,531,1.2617702448210923,1545,0,0,0.12403100775193798,97,126
/docs/reference/web/generators,669,509,1.3143418467583496,1760,0,0,0.2254335260115607,185,216
/docs/concepts/decisions/project-size,663,527,1.2580645161290323,1800,0,0,0.21283255086071987,205,206
/docs/extending-nx/create-install-package,661,512,1.291015625,1878,0,0,0.19883040935672514,261,215
/docs/technologies/dotnet/guides/migrate-from-nx-dotnet-core,661,353,1.8725212464589236,1788,0,0,0.2812960235640648,261,276
/docs/technologies/node,656,523,1.254302103250478,2056,0,0,0.08576329331046312,221,76
/docs/technologies/react/guides/react-router,645,423,1.524822695035461,1859,0,0,0.22340425531914893,227,265
/docs/reference/nxignore,640,508,1.2598425196850394,2163,0,0,0.26417910447761195,297,312
/docs/guides/nx-release/automate-gitlab-releases,637,391,1.629156010230179,1719,0,0,0.1419031719532554,135,144
/docs/guides/nx-release/programmatic-api,637,412,1.546116504854369,1630,0,0,0.18072289156626506,123,197
/docs/guides/nx-release/updating-version-references,635,412,1.5412621359223302,1686,0,0,0.2110939907550077,153,223
/docs/guides/enforce-module-boundaries/tag-multiple-dimensions,628,438,1.4337899543378996,1692,0,0,0.20251177394034536,228,194
/docs/extending-nx/create-preset,626,441,1.4195011337868482,1605,0,0,0.14802631578947367,136,172
/docs/guides/tasks--caching/defining-task-pipeline,614,447,1.3736017897091723,1643,0,0,0.1986754966887417,130,169
/docs/technologies/test-tools/storybook/guides/one-storybook-for-all,613,375,1.6346666666666667,1815,0,0,0.3249258160237389,318,306
/docs/features,612,514,1.1906614785992218,1551,0,0,0.22852512155591573,182,172
/docs/guides/nx-console/console-troubleshooting,611,483,1.2650103519668736,1772,0,0,0.318796992481203,280,303
/docs/features/ci-features/github-integration,609,487,1.2505133470225873,1672,0,0,0.13651315789473684,124,167
/docs/concepts/task-pipeline-configuration,607,475,1.2778947368421052,1614,0,0,0.16802610114192496,126,151
/docs/guides/nx-cloud/access-tokens,604,393,1.5368956743002544,1574,0,0,0.3201267828843106,243,270
/docs/technologies/angular/guides/module-federation-with-ssr,601,421,1.4275534441805227,1597,0,0,0.16206896551724137,168,178
/docs/guides/tasks--caching/configure-outputs,595,434,1.3709677419354838,1682,0,0,0.25984251968503935,195,232
/docs/troubleshooting/performance-profiling,590,391,1.5089514066496164,1790,0,0,0.32339089481946626,320,318
/docs/technologies/angular/guides/nx-devkit-angular-devkit,582,454,1.2819383259911894,1474,0,0,0.13541666666666666,146,129
/docs/reference/nx-cloud/credits-pricing,578,402,1.4378109452736318,1672,0,0,0.22625215889464595,218,231
/docs/technologies/react/guides/use-environment-variables-in-react,577,442,1.3054298642533937,1780,0,0,0.26688102893890675,232,241
/docs/technologies/build-tools/webpack/introduction,573,417,1.3741007194244603,1545,0,0,0.17543859649122806,110,152
/docs/guides/nx-release/configuration-version-prefix,572,404,1.4158415841584158,1421,0,0,0.09864603481624758,66,86
/docs/technologies/test-tools/storybook/guides/upgrading-storybook,558,401,1.3915211970074812,1680,0,0,0.2982456140350877,224,271
/docs/guides/tips-n-tricks/standalone-to-monorepo,557,398,1.399497487437186,1571,0,0,0.32059800664451826,268,253
/docs/reference/remote-cache-plugins/shared-fs-cache/overview,555,335,1.6567164179104477,1514,0,0,0.2043222003929273,121,187
/docs/technologies/vue/generators,552,344,1.6046511627906976,1338,0,0,0.2504638218923933,142,185
/docs/technologies/node/express,547,387,1.4134366925064599,1669,0,0,0.11648351648351649,201,72
/docs/technologies/test-tools/vitest/guides/migrating-from-nx-vite,540,386,1.3989637305699483,1477,0,0,0.19782214156079855,109,213
/docs/technologies/typescript/guides/js-and-ts,539,441,1.2222222222222223,1607,0,0,0.11969111969111969,205,108
/docs/technologies/test-tools/playwright/guides,538,411,1.3090024330900243,1561,0,0,0.03232323232323232,22,32
/docs/extending-nx/creating-files,535,343,1.5597667638483965,1473,0,0,0.2679509632224168,212,221
/docs/technologies/build-tools/rollup/executors,534,277,1.9277978339350181,1583,0,0,0.29097605893186,235,242
/docs/technologies/test-tools/cypress/guides/cypress-component-testing,532,291,1.8281786941580755,1522,0,0,0.27255985267034993,228,233
/docs/features/ci-features,525,445,1.1797752808988764,1315,0,0,0.21637426900584794,144,201
/docs/guides/tasks--caching/root-level-scripts,525,407,1.28992628992629,1531,0,0,0.21338155515370705,184,178
/docs/reference/nx-cloud/config,524,378,1.3862433862433863,1686,0,0,0.2665505226480836,257,250
/docs/technologies/node/nest/migrations,513,340,1.5088235294117647,1282,0,0,0.24308300395256918,120,148
/docs/technologies/react/guides/module-federation-with-ssr,507,320,1.584375,1442,0,0,0.25162689804772237,220,194
/docs/guides/nx-release/update-dependents,506,355,1.4253521126760564,1386,0,0,0.16565656565656567,86,134
/docs/technologies/react/expo/executors,505,297,1.7003367003367003,1374,0,0,0.36893203883495146,240,257
/docs/reference/web/executors,501,371,1.3504043126684635,1546,0,0,0.3196078431372549,232,254
/docs/guides/enforce-module-boundaries/ban-dependencies-with-tags,498,384,1.296875,1221,0,0,0.10272536687631027,72,93
/docs/reference/remote-cache-plugins/gcs-cache/overview,482,331,1.4561933534743203,1418,0,0,0.40336134453781514,231,261
/docs/concepts/types-of-configuration,480,379,1.266490765171504,1289,0,0,0.13692946058091288,100,106
/docs/reference/nx-cloud/launch-templates,480,298,1.610738255033557,1326,0,0,0.2111111111111111,162,161
/docs/guides/nx-console/console-run-command,475,418,1.1363636363636365,1315,0,0,0.1469387755102041,73,122
/docs/technologies/test-tools/playwright/guides/merge-atomized-outputs,471,328,1.4359756097560976,1127,0,0,0.19569471624266144,79,169
/docs/technologies/typescript/migrations,471,376,1.252659574468085,1102,0,0,0.13513513513513514,91,110
/docs/concepts/decisions/code-ownership,468,372,1.2580645161290323,1229,0,0,0.11715481171548117,85,110
/docs/technologies/react/guides/react-compiler,468,342,1.368421052631579,1381,0,0,0.23076923076923078,166,176
/docs/guides/tasks--caching/reduce-repetitive-configuration,460,317,1.4511041009463723,1201,0,0,0.13417190775681342,79,108
/docs/technologies/react/guides/deploy-nextjs-to-vercel,453,338,1.3402366863905326,1274,0,0,0.32581967213114754,186,223
/docs/reference/remote-cache-plugins/azure-cache/overview,452,249,1.8152610441767068,1305,0,0,0.367170626349892,204,231
/docs/reference/web,452,373,1.2117962466487935,1588,0,0,0.3380952380952381,210,180
/docs/technologies/react,451,351,1.2849002849002849,1195,0,0,0.043037974683544304,60,41
/docs/guides/nx-release/publish-rust-crates,448,321,1.395638629283489,1220,0,0,0.19221967963386727,137,167
/docs/technologies/react/migrations,447,361,1.2382271468144044,1013,0,0,0.10321100917431193,54,90
/docs/reference/devkit/ImplicitDependency,436,345,1.263768115942029,1460,0,0,0.3076923076923077,259,176
/docs/technologies/build-tools/rsbuild/introduction,423,259,1.6332046332046333,1201,0,0,0.20498614958448755,104,110
/docs/technologies/angular/angular-rsbuild/create-config,419,312,1.3429487179487178,951,0,0,0.15,54,111
/docs/guides/tasks--caching/change-cache-location,416,329,1.2644376899696048,1259,0,0,0.13670886075949368,87,93
/docs/extending-nx/organization-specific-plugin,412,298,1.3825503355704698,1112,0,0,0.22247191011235956,127,138
/docs/technologies/angular/migration,409,332,1.2319277108433735,1227,0,0,0.058355437665782495,46,45
/docs/extending-nx/project-graph-plugins,408,302,1.3509933774834437,1101,0,0,0.24726477024070023,120,177
/docs/guides/tips-n-tricks/include-all-packagejson,408,347,1.175792507204611,1153,0,0,0.09925558312655088,80,73
/docs/guides/enforce-module-boundaries/ban-external-imports,407,329,1.237082066869301,987,0,0,0.19424460431654678,86,121
/docs/technologies/module-federation,403,246,1.6382113821138211,1171,0,0,0.12618296529968454,97,55
/docs/reference/deprecated/legacy-cache,401,241,1.6639004149377594,1100,0,0,0.32018561484918795,158,208
/docs/extending-nx/create-sync-generator,394,274,1.437956204379562,1030,0,0,0.23114355231143552,104,142
/docs/technologies/vue/nuxt/introduction,390,250,1.56,1083,0,0,0.23604060913705585,94,146
/docs/guides/nx-cloud/manual-dte,389,238,1.634453781512605,1141,0,0,0.32195121951219513,192,194
/docs/technologies/module-federation/guides/nx-module-federation-dev-server-plugin,389,275,1.4145454545454546,983,0,0,0.19240506329113924,60,77
/docs/concepts/decisions,382,243,1.5720164609053497,949,0,0,0.12461059190031153,51,46
/docs/guides/tasks--caching/convert-to-inferred,382,279,1.3691756272401434,995,0,0,0.22384428223844283,98,137
/docs/getting-started,381,335,1.137313432835821,954,0,0,0.11171662125340599,81,75
/docs/technologies/react/react-native,378,289,1.3079584775086506,1277,0,0,0.15056818181818182,197,73
/docs/reference/remote-cache-plugins/s3-cache,377,219,1.721461187214612,1171,0,0,0.15463917525773196,119,71
/docs/technologies/test-tools/jest/migrations,375,242,1.5495867768595042,938,0,0,0.23958333333333334,146,167
/docs/technologies/eslint/migrations,374,236,1.5847457627118644,882,0,0,0.16863905325443787,92,90
/docs/technologies/test-tools/storybook/guides/best-practices,370,272,1.3602941176470589,1034,0,0,0.27692307692307694,136,142
/docs/extending-nx/tooling-plugin,367,254,1.4448818897637796,964,0,0,0.19321148825065274,102,123
/docs/technologies/typescript,367,300,1.2233333333333334,1056,0,0,0.043343653250773995,52,17
/docs/technologies/build-tools/rollup/introduction,366,215,1.7023255813953488,1028,0,0,0.16346153846153846,75,75
/docs/technologies/dotnet/guides/incremental-builds,365,264,1.3825757575757576,935,0,0,0.18230563002680966,53,117
/docs/extending-nx/composing-generators,360,234,1.5384615384615385,933,0,0,0.2273972602739726,93,116
/docs/technologies/angular/angular-rspack/guides/getting-started,359,255,1.407843137254902,980,0,0,0.1638418079096045,44,79
/docs/technologies/build-tools/rspack/executors,359,219,1.639269406392694,968,0,0,0.3333333333333333,137,163
/docs/reference,357,330,1.0818181818181818,1014,0,0,0.20435967302452315,107,80
/docs/technologies/typescript/guides/enable-tsc-batch-mode,357,262,1.3625954198473282,917,0,0,0.1954674220963173,61,90
/docs/guides/tips-n-tricks/yarn-pnp,356,288,1.2361111111111112,1112,0,0,0.22474747474747475,161,174
/docs/technologies/test-tools/storybook/guides/custom-builder-configs,356,273,1.304029304029304,1158,0,0,0.24468085106382978,186,186
/docs/reference/devkit/NxJsonConfiguration,350,266,1.3157894736842106,937,0,0,0.166189111747851,58,119
/docs/troubleshooting/troubleshoot-cache-misses,348,276,1.2608695652173914,957,0,0,0.23387096774193547,127,126
/docs/technologies/build-tools/rspack/generators,347,195,1.7794871794871794,860,0,0,0.18122977346278318,72,104
/docs/technologies/test-tools/storybook/guides/angular-storybook-compodoc,346,222,1.5585585585585586,1052,0,0,0.31845238095238093,177,185
/docs/technologies/test-tools/playwright/executors,342,224,1.5267857142857142,996,0,0,0.30684931506849317,133,172
/docs/technologies/angular/angular-rspack/guides/migrate-from-webpack,338,208,1.625,956,0,0,0.2132132132132132,89,101
/docs/technologies/module-federation/migrations,335,254,1.3188976377952757,755,0,0,0.10526315789473684,39,52
/docs/technologies/react/react-native/generators,329,210,1.5666666666666667,857,0,0,0.21241830065359477,84,110
/docs/technologies/test-tools/cypress/guides,329,246,1.3373983739837398,896,0,0,0.058419243986254296,19,39
/docs/troubleshooting/console-troubleshooting,329,287,1.146341463414634,974,0,0,0.25748502994011974,134,123
/docs/features/ci-features/dynamic-agents,328,245,1.3387755102040817,824,0,0,0.1656441717791411,54,77
/docs/technologies/module-federation/guides/nx-module-federation-plugin,328,224,1.4642857142857142,797,0,0,0.1398176291793313,35,74
/docs/technologies/react/react-native/executors,326,229,1.4235807860262009,938,0,0,0.3982808022922636,156,170
/docs/technologies/node/guides/wait-for-tasks,324,262,1.2366412213740459,904,0,0,0.24539877300613497,113,112
/docs/technologies/test-tools/storybook/executors,324,233,1.390557939914163,915,0,0,0.33827893175074186,138,157
/docs/guides/tips-n-tricks/feature-based-testing,323,272,1.1875,866,0,0,0.15542521994134897,64,78
/docs/extending-nx/compose-executors,322,243,1.3251028806584362,800,0,0,0.12091503267973856,41,70
/docs/technologies/eslint/guides/custom-workspace-rules,322,226,1.424778761061947,843,0,0,0.20469798657718122,74,93
/docs/technologies/react/next/migrations,320,240,1.3333333333333333,809,0,0,0.13504823151125403,55,75
/docs/guides/nx-release/update-local-registry-setup,316,224,1.4107142857142858,818,0,0,0.15593220338983052,54,67
/docs/technologies/react/expo/generators,316,196,1.6122448979591837,805,0,0,0.2328767123287671,77,97
/docs/guides/adopting-nx/preserving-git-histories,315,220,1.4318181818181819,832,0,0,0.24367088607594936,90,108
/docs/guides/tips-n-tricks/identify-dependencies-between-folders,310,269,1.1524163568773234,883,0,0,0.1826625386996904,83,105
/docs/technologies/build-tools/webpack,310,245,1.2653061224489797,1014,0,0,0.14695340501792115,131,58
/docs/guides/nx-console/console-telemetry,306,241,1.2697095435684647,898,0,0,0.32601880877742945,152,138
/docs/reference/devkit/TargetConfiguration,303,253,1.1976284584980237,839,0,0,0.16293929712460065,80,77
/docs/guides/tasks--caching,301,257,1.171206225680934,824,0,0,0.1930379746835443,88,75
/docs/technologies/test-tools/cypress/executors,299,200,1.495,928,0,0,0.3167701863354037,126,134
/docs/extending-nx,293,218,1.3440366972477065,772,0,0,0.15770609318996415,84,60
/docs/technologies/eslint/guides,292,217,1.3456221198156681,813,0,0,0.0622568093385214,20,21
/docs/reference/devkit/ProjectConfiguration,291,226,1.2876106194690264,827,0,0,0.15894039735099338,59,80
/docs/reference/nx-mcp,289,230,1.2565217391304349,757,0,0,0.27936507936507937,83,131
/docs/guides/enforce-module-boundaries/tags-allow-list,287,253,1.134387351778656,748,0,0,0.15753424657534246,57,111
/docs/technologies/angular/guides,287,250,1.148,694,0,0,0.10915492957746478,34,47
/docs/technologies/build-tools/vite/migrations,287,232,1.2370689655172413,735,0,0,0.1875,95,88
/docs/technologies/build-tools,285,228,1.25,769,0,0,0.07086614173228346,31,28
/docs/guides/nx-cloud/personal-access-tokens,284,209,1.3588516746411483,855,0,0,0.2755102040816326,132,121
/docs/reference/glossary,281,229,1.2270742358078603,687,0,0,0.15636363636363637,56,71
/docs/technologies/dotnet/generators,276,210,1.3142857142857143,721,0,0,0.1183206106870229,32,55
/docs/reference/workspace/migrations,271,229,1.1834061135371179,660,0,0,0.08778625954198473,23,44
/docs/technologies/react/remix/introduction,270,200,1.35,705,0,0,0.2610294117647059,79,95
/docs/technologies/test-tools/detox/introduction,269,186,1.446236559139785,649,0,0,0.26865671641791045,71,112
/docs/technologies/angular/angular-rspack/create-config,268,181,1.4806629834254144,621,0,0,0.1908713692946058,44,66
/docs/technologies/vue,267,199,1.3417085427135678,901,0,0,0.15677966101694915,134,51
/docs/guides/nx-console/console-project-details,264,236,1.11864406779661,718,0,0,0.18846153846153846,68,71
/docs/technologies/angular/angular-rspack/guides/internationalization,264,192,1.375,822,0,0,0.2413793103448276,130,120
/docs/technologies/test-tools/storybook/guides,263,199,1.321608040201005,640,0,0,0.13333333333333333,31,42
/docs/reference/deprecated/custom-tasks-runner,260,183,1.4207650273224044,656,0,0,0.16296296296296298,35,102
/docs/technologies/node/migrations,260,196,1.3265306122448979,623,0,0,0.0975609756097561,21,32
/docs/technologies/node/guides/node-aws-lambda,258,192,1.34375,757,0,0,0.22310756972111553,112,107
/docs/technologies/module-federation/concepts,256,177,1.4463276836158192,621,0,0,0.10185185185185185,36,32
/docs/enterprise/polygraph,255,211,1.2085308056872037,610,0,0,0.1522633744855967,45,62
/docs/extending-nx/task-running-lifecycle,255,168,1.5178571428571428,702,0,0,0.241635687732342,87,90
/docs/concepts/ci-concepts/building-blocks-fast-ci,252,214,1.1775700934579438,666,0,0,0.16363636363636364,41,62
/docs/technologies/module-federation/guides,250,134,1.8656716417910448,632,0,0,0.07344632768361582,15,18
/docs/reference/nx-cloud/assignment-rules,247,154,1.603896103896104,618,0,0,0.26296296296296295,69,99
/docs/guides/tips-n-tricks/browser-support,244,242,1.0082644628099173,818,0,0,0.35986159169550175,117,122
/docs/guides,241,213,1.1314553990610328,682,0,0,0.1511111111111111,86,59
/docs/extending-nx/modifying-files,236,169,1.3964497041420119,655,0,0,0.23735408560311283,75,78
/docs/reference/remote-cache-plugins/shared-fs-cache,236,132,1.7878787878787878,709,0,0,0.12994350282485875,38,32
/docs/reference/benchmarks/tsc-batch-mode,234,162,1.4444444444444444,677,0,0,0.228310502283105,90,79
/docs/concepts/ci-concepts/reduce-waste,232,187,1.2406417112299466,650,0,0,0.1652892561983471,82,75
/docs/enterprise/conformance,226,170,1.3294117647058823,535,0,0,0.2543103448275862,71,73
/docs/technologies/test-tools/cypress/generators,226,173,1.30635838150289,639,0,0,0.3287671232876712,85,101
/docs/reference/devkit/workspaceRoot,222,170,1.3058823529411765,717,0,0,0.16753926701570682,68,43
/docs/reference/devkit/PackageManager,218,168,1.2976190476190477,742,0,0,0.1076923076923077,70,48
/docs/technologies/build-tools/rollup/generators,215,153,1.4052287581699345,586,0,0,0.24390243902439024,62,70
/docs/guides/nx-cloud/source-control-integration/github,214,165,1.2969696969696969,610,0,0,0.1598173515981735,42,73
/docs/guides/nx-console/console-nx-cloud,213,178,1.196629213483146,536,0,0,0.15270935960591134,38,53
/docs/technologies/build-tools/esbuild/generators,213,166,1.283132530120482,548,0,0,0.16019417475728157,44,49
/docs/guides/nx-cloud/source-control-integration/gitlab,212,176,1.2045454545454546,611,0,0,0.19523809523809524,65,83
/docs/technologies/test-tools/vitest/executors,212,142,1.4929577464788732,585,0,0,0.17857142857142858,45,63
/docs/technologies/test-tools/playwright/generators,211,154,1.37012987012987,586,0,0,0.2463768115942029,68,75
/docs/technologies/test-tools/storybook/migrations,211,146,1.4452054794520548,523,0,0,0.1943127962085308,61,78
/docs/concepts/ci-concepts/cache-security,209,165,1.2666666666666666,533,0,0,0.22966507177033493,64,73
/docs/technologies/java/maven/generators,207,138,1.5,529,0,0,0.09826589595375723,23,36
/docs/technologies/test-tools,207,176,1.1761363636363635,595,0,0,0.05405405405405406,22,23
/docs/technologies/test-tools/storybook,204,149,1.3691275167785235,601,0,0,0.06134969325153374,19,13
/docs/reference/nx-cloud/release-notes,203,130,1.5615384615384615,539,0,0,0.3051643192488263,88,102
/docs/extending-nx/migration-generators,202,162,1.2469135802469136,533,0,0,0.19626168224299065,47,66
/docs/reference/devkit/Tree,202,148,1.364864864864865,537,0,0,0.20430107526881722,71,55
/docs/reference/devkit/workspaceLayout,202,149,1.3557046979865772,624,0,0,0.22702702702702704,60,53
/docs/technologies/test-tools/vitest/migrations,202,157,1.286624203821656,534,0,0,0.14285714285714285,70,53
/docs/reference/devkit/ProjectType,201,173,1.1618497109826589,699,0,0,0.34101382488479265,92,82
/docs/technologies/test-tools/storybook/guides/configuring-storybook,200,167,1.1976047904191616,585,0,0,0.21717171717171718,54,50
/docs/technologies/build-tools/vite,196,147,1.3333333333333333,551,0,0,0.07228915662650602,19,23
/docs/guides/tips-n-tricks/analyze-source-files,193,151,1.2781456953642385,514,0,0,0.23414634146341465,65,73
/docs/guides/nx-cloud/cipe-affected-project-graph,191,157,1.21656050955414,502,0,0,0.20512820512820512,44,62
/docs/technologies/dotnet,190,139,1.3669064748201438,533,0,0,0.07142857142857142,18,13
/docs/extending-nx/publish-plugin,189,160,1.18125,513,0,0,0.20105820105820105,52,61
/docs/technologies/react/expo/migrations,189,129,1.4651162790697674,469,0,0,0.19337016574585636,36,65
/docs/extending-nx/createnodes-compatibility,188,142,1.323943661971831,444,0,0,0.16304347826086957,32,47
/docs/technologies/test-tools/storybook/guides/storybook-composition-setup,188,154,1.2207792207792207,546,0,0,0.15346534653465346,56,61
/docs/reference/remote-cache-plugins,186,135,1.3777777777777778,576,0,0,0.1111111111111111,31,26
/docs/technologies/test-tools/jest/generators,185,140,1.3214285714285714,459,0,0,0.10240963855421686,31,35
/docs/troubleshooting/troubleshoot-convert-to-inferred,184,176,1.0454545454545454,520,0,0,0.25806451612903225,47,58
/docs/technologies/vue/nuxt/generators,181,129,1.4031007751937985,470,0,0,0.29310344827586204,65,81
/docs/reference/deprecated/integrated-vs-package-based,180,132,1.3636363636363635,528,0,0,0.3553299492385787,82,89
/docs/reference/devkit/formatFiles,179,146,1.226027397260274,540,0,0,0.12716763005780346,44,54
/docs/technologies/vue/nuxt,179,141,1.2695035460992907,601,0,0,0.1513157894736842,81,30
/docs/enterprise/powerpack/conformance,178,144,1.2361111111111112,427,0,0,0.14606741573033707,26,48
/docs/technologies/angular/angular-rspack/guides/handling-configurations,174,129,1.3488372093023255,487,0,0,0.17088607594936708,37,39
/docs/enterprise/single-tenant/overview,173,115,1.5043478260869565,503,0,0,0.35638297872340424,78,88
/docs/technologies/react/react-native/migrations,173,123,1.4065040650406504,451,0,0,0.2192513368983957,42,60
/docs/reference/nx-console-settings,171,149,1.1476510067114094,486,0,0,0.2138728323699422,59,62
/docs/technologies/angular/angular-rsbuild/create-server,170,140,1.2142857142857142,402,0,0,0.23780487804878048,46,54
/docs/technologies/build-tools/webpack/generators,169,131,1.2900763358778626,436,0,0,0.12582781456953643,28,32
/docs/reference/devkit/Target,168,155,1.0838709677419356,504,0,0,0.15384615384615385,53,48
/docs/reference/devkit/Workspace,165,118,1.3983050847457628,391,0,0,0.3575757575757576,58,71
/docs/troubleshooting,165,148,1.114864864864865,532,0,0,0.35428571428571426,94,73
/docs/technologies/node/guides/node-server-fly-io,164,144,1.1388888888888888,471,0,0,0.23976608187134502,49,59
/docs/reference/benchmarks/caching,159,136,1.1691176470588236,452,0,0,0.15,26,44
/docs/technologies/build-tools/webpack/guides,156,130,1.2,439,0,0,0.05714285714285714,13,14
/docs/guides/nx-cloud/optimize-your-ttg,155,138,1.1231884057971016,383,0,0,0.2909090909090909,65,72
/docs/technologies/test-tools/storybook/guides/storybook-9-setup,155,115,1.3478260869565217,419,0,0,0.15894039735099338,27,34
/docs/technologies/test-tools/storybook/guides/storybook-interaction-tests,154,112,1.375,490,0,0,0.2578616352201258,83,71
/docs/technologies/test-tools/vitest/generators,154,112,1.375,393,0,0,0.1267605633802817,16,29
/docs/guides/nx-cloud/source-control-integration/azure-devops,152,123,1.2357723577235773,462,0,0,0.21333333333333335,57,58
/docs/reference/remote-cache-plugins/gcs-cache,152,91,1.6703296703296704,486,0,0,0.15833333333333333,60,27
/docs/technologies/test-tools/storybook/guides/one-storybook-with-composition,149,118,1.2627118644067796,408,0,0,0.24358974358974358,43,59
/docs/reference/conformance/create-conformance-rule,148,101,1.4653465346534653,379,0,0,0.2789115646258503,46,54
/docs/technologies/vue/migrations,147,124,1.185483870967742,370,0,0,0.1554054054054054,24,41
/docs/technologies/typescript/guides,145,120,1.2083333333333333,341,0,0,0.051470588235294115,9,12
/docs/reference/devkit/TargetDefaults,143,117,1.2222222222222223,439,0,0,0.07377049180327869,22,24
/docs/technologies/test-tools/cypress/guides/cypress-setup-node-events,143,102,1.4019607843137254,432,0,0,0.29285714285714287,54,69
/docs/technologies/test-tools/vitest,143,101,1.4158415841584158,429,0,0,0.02564102564102564,24,8
/docs/technologies/dotnet/guides,142,105,1.3523809523809525,389,0,0,0.043859649122807015,15,13
/docs/technologies/java,142,124,1.1451612903225807,387,0,0,0.18181818181818182,14,15
/docs/reference/remote-cache-plugins/shared-fs-cache/generators,140,115,1.2173913043478262,397,0,0,0.10606060606060606,22,21
/docs/technologies/test-tools/cypress/guides/cypress-v11-migration,140,111,1.2612612612612613,402,0,0,0.2962962962962963,38,56
/docs/technologies/test-tools/cypress/migrations,140,98,1.4285714285714286,361,0,0,0.35294117647058826,61,66
/docs/technologies/java/gradle/generators,139,108,1.287037037037037,344,0,0,0.13008130081300814,23,27
/docs/reference/devkit/generateFiles,137,94,1.4574468085106382,369,0,0,0.2620689655172414,45,62
/docs/technologies/vue/nuxt/guides/deploy-nuxt-to-vercel,137,130,1.0538461538461539,361,0,0,0.2808219178082192,41,58
/docs/enterprise/activate-powerpack,133,78,1.705128205128205,353,0,0,0.3082706766917293,38,54
/docs/reference/nx-cloud/custom-images,131,102,1.2843137254901962,368,0,0,0.2,36,46
/docs/reference/devkit/getProjects,129,93,1.3870967741935485,377,0,0,0.23893805309734514,40,32
/docs/enterprise,128,99,1.292929292929293,384,0,0,0.3620689655172414,73,58
/docs/reference/nx/executors/run-commands,128,98,1.3061224489795917,479,0,0,0.14018691588785046,17,37
/docs/reference/devkit/ProjectGraph,126,102,1.2352941176470589,346,0,0,0.13675213675213677,14,27
/docs/concepts/ci-concepts/heartbeat-and-manual-shutdown-handling,125,87,1.4367816091954022,312,0,0,0.19230769230769232,34,37
/docs/technologies/node/guides/node-serverless-functions-netlify,125,114,1.0964912280701755,340,0,0,0.21875,38,42
/docs/technologies/build-tools/vite/guides,124,111,1.117117117117117,348,0,0,0.10256410256410256,15,11
/docs/technologies/react/guides,124,114,1.087719298245614,292,0,0,0.09917355371900827,11,20
/docs/reference/devkit/DefaultTasksRunnerOptions,123,99,1.2424242424242424,327,0,0,0.1896551724137931,22,26
/docs/technologies/angular/angular-rspack/create-server,123,111,1.1081081081081081,287,0,0,0.10743801652892562,20,37
/docs/technologies/build-tools/rsbuild/generators,122,84,1.4523809523809523,307,0,0,0.19090909090909092,20,30
/docs/guides/nx-cloud,120,94,1.2765957446808511,330,0,0,0.3211009174311927,53,46
/docs/guides/nx-cloud/enable-ai-features,120,106,1.1320754716981132,329,0,0,0.18181818181818182,35,36
/docs/reference/deprecated/rescope,120,74,1.6216216216216217,310,0,0,0.21008403361344538,33,46
/docs/reference/devkit/CreateNodesV2,117,89,1.3146067415730338,312,0,0,0.09,34,16
/docs/reference/devkit/logger,117,96,1.21875,314,0,0,0.22018348623853212,45,39
/docs/technologies/node/guides,116,103,1.1262135922330097,286,0,0,0.04424778761061947,10,20
/docs/guides/nx-cloud/source-control-integration,115,99,1.1616161616161615,343,0,0,0.1724137931034483,25,34
/docs/technologies/build-tools/webpack/migrations,115,100,1.15,296,0,0,0.18699186991869918,29,36
/docs/technologies/react/remix/generators,114,94,1.2127659574468086,309,0,0,0.32142857142857145,42,48
/docs/reference/conformance/overview,113,89,1.2696629213483146,335,0,0,0.38461538461538464,54,58
/docs/reference/devkit/readProjectConfiguration,111,79,1.4050632911392404,291,0,0,0.17647058823529413,22,26
/docs/technologies/build-tools/rspack/migrations,111,91,1.2197802197802199,258,0,0,0.16363636363636364,18,27
/docs/enterprise/custom-workflows,109,99,1.101010101010101,276,0,0,0.17857142857142858,26,27
/docs/technologies/angular/angular-rsbuild,109,81,1.345679012345679,334,0,0,0.10752688172043011,24,19
/docs/enterprise/metadata-only-workspace,105,97,1.0824742268041236,291,0,0,0.17475728155339806,22,24
/docs/technologies/java/gradle/executors,105,87,1.206896551724138,284,0,0,0.08247422680412371,16,19
/docs/reference/powerpack/conformance/create-conformance-rule,104,86,1.2093023255813953,261,0,0,0.25688073394495414,23,36
/docs/reference/powerpack/conformance/overview,104,66,1.5757575757575757,299,0,0,0.35514018691588783,38,43
/docs/reference/devkit/runExecutor,102,68,1.5,280,0,0,0.1958762886597938,32,30
/docs/guides/nx-cloud/ci-resource-usage,101,82,1.2317073170731707,274,0,0,0.21495327102803738,37,43
/docs/guides/nx-cloud/source-control-integration/bitbucket,99,81,1.2222222222222223,301,0,0,0.2376237623762376,43,46
/docs/reference/devkit/createProjectGraphAsync,98,83,1.180722891566265,267,0,0,0.24731182795698925,31,33
/docs/technologies/build-tools/esbuild,98,76,1.2894736842105263,279,0,0,0.08860759493670886,17,10
/docs/guides/tips-n-tricks,97,84,1.1547619047619047,253,0,0,0.24489795918367346,30,32
/docs/guides/nx-cloud/record-commands,96,92,1.0434782608695652,301,0,0,0.34951456310679613,47,43
/docs/technologies/test-tools/storybook/guides/overview-vue,95,67,1.4179104477611941,261,0,0,0.30927835051546393,43,37
/docs/technologies/java/maven/migrations,94,83,1.1325301204819278,238,0,0,0.16304347826086957,15,25
/docs/technologies/test-tools/storybook/guides/one-storybook-per-scope,93,79,1.1772151898734178,260,0,0,0.22448979591836735,25,33
/docs/guides/installation,92,85,1.0823529411764705,279,0,0,0.08139534883720931,11,10
/docs/reference/devkit/TargetDependencyConfig,92,73,1.2602739726027397,254,0,0,0.17777777777777778,27,26
/docs/reference/owners/overview,92,83,1.108433734939759,267,0,0,0.29896907216494845,31,40
/docs/technologies/test-tools/vitest/guides,92,71,1.295774647887324,277,0,0,0.07792207792207792,6,10
/docs/guides/nx-cloud/encryption,89,77,1.155844155844156,236,0,0,0.25842696629213485,23,32
/docs/reference/devkit/CreateNodesFunctionV2,88,72,1.2222222222222223,204,0,0,0.05952380952380952,11,14
/docs/reference/owners/generators,87,79,1.1012658227848102,229,0,0,0.13186813186813187,13,17
/docs/reference/deprecated/as-provided-vs-derived,86,53,1.6226415094339623,232,0,0,0.3191489361702128,38,45
/docs/technologies/build-tools/rollup,86,53,1.6226415094339623,242,0,0,0.12698412698412698,9,12
/docs/reference/benchmarks/nx-agents,84,73,1.1506849315068493,251,0,0,0.13095238095238096,20,19
/docs/reference/devkit/GraphJson,83,73,1.1369863013698631,226,0,0,0.27058823529411763,27,26
/docs/technologies/angular/angular-rspack,83,56,1.4821428571428572,250,0,0,0.171875,16,16
/docs/reference/devkit/ExecutorContext,81,75,1.08,228,0,0,0.1839080459770115,19,28
/docs/reference/remote-cache-plugins/azure-cache,81,69,1.173913043478261,256,0,0,0.14473684210526316,28,16
/docs/technologies/build-tools/rspack,81,71,1.1408450704225352,237,0,0,0.15384615384615385,18,14
/docs/technologies/java/gradle/migrations,81,71,1.1408450704225352,183,0,0,0.1,10,14
/docs/technologies/build-tools/docker,80,64,1.25,225,0,0,0.125,12,9
/docs/technologies/test-tools/vitest/guides/testing-without-building-dependencies,80,62,1.2903225806451613,216,0,0,0.17857142857142858,17,29
/docs/technologies/vue/nuxt/guides,80,72,1.1111111111111112,228,0,0,0.0958904109589041,9,10
/docs/enterprise/owners,79,75,1.0533333333333332,233,0,0,0.4024390243902439,39,42
/docs/technologies/build-tools/rsbuild,79,76,1.0394736842105263,252,0,0,0.2375,21,15
/docs/guides/nx-cloud/google-auth,78,67,1.164179104477612,222,0,0,0.225,34,24
/docs/reference/devkit/addDependenciesToPackageJson,77,72,1.0694444444444444,211,0,0,0.18181818181818182,23,21
/docs/reference/nx-cloud/custom-steps,77,73,1.0547945205479452,209,0,0,0.175,24,20
/docs/reference/devkit/glob,75,70,1.0714285714285714,224,0,0,0.2236842105263158,27,21
/docs/reference/devkit/CreateDependencies,71,62,1.1451612903225807,174,0,0,0.3055555555555556,22,28
/docs/reference/deprecated/print-affected,70,52,1.3461538461538463,204,0,0,0.37037037037037035,39,38
/docs/reference/devkit/ProjectsConfigurations,70,65,1.0769230769230769,170,0,0,0.19117647058823528,14,20
/docs/technologies/java/maven,69,59,1.1694915254237288,186,0,0,0.06349206349206349,4,6
/docs/technologies/react/remix/executors,69,64,1.078125,207,0,0,0.42424242424242425,30,34
/docs/enterprise/powerpack/licenses-and-trials,68,50,1.36,232,0,0,0.2909090909090909,31,25
/docs/reference/devkit/CreateNodesContextV2,68,66,1.0303030303030303,171,0,0,0.1,12,19
/docs/technologies/java/gradle,68,59,1.152542372881356,179,0,0,0.11475409836065574,10,8
/docs/technologies/test-tools/detox/executors,68,58,1.1724137931034482,208,0,0,0.4461538461538462,37,37
/docs/enterprise/activate-license,66,61,1.0819672131147542,218,0,0,0.34328358208955223,31,33
/docs/reference/devkit/AggregateCreateNodesError,66,65,1.0153846153846153,157,0,0,0.28169014084507044,21,21
/docs/reference/devkit/NxAffectedConfig,66,62,1.064516129032258,175,0,0,0.10144927536231885,7,13
/docs/reference/devkit/names,66,59,1.11864406779661,173,0,0,0.2753623188405797,21,26
/docs/reference/devkit/ngcli_adapter/NxScopedHost,66,49,1.346938775510204,149,0,0,0.21739130434782608,27,20
/docs/reference/devkit/removeDependenciesFromPackageJson,66,63,1.0476190476190477,192,0,0,0.2638888888888889,17,22
/docs/reference/powerpack/conformance,66,44,1.5,207,0,0,0.18518518518518517,33,10
/docs/reference/devkit/installPackagesTask,65,50,1.3,182,0,0,0.21875,18,21
/docs/reference/devkit/globAsync,64,56,1.1428571428571428,171,0,0,0.23809523809523808,17,29
/docs/reference/devkit/updateJson,64,53,1.2075471698113207,164,0,0,0.26153846153846155,21,24
/docs/enterprise/powerpack,62,54,1.1481481481481481,178,0,0,0.2833333333333333,21,17
/docs/enterprise/single-tenant/azure-saml,62,47,1.3191489361702127,176,0,0,0.288135593220339,24,28
/docs/reference/conformance,61,52,1.1730769230769231,195,0,0,0.22950819672131148,31,17
/docs/reference/devkit/createNodesFromFiles,60,57,1.0526315789473684,117,0,0,0.15873015873015872,5,12
/docs/reference/powerpack/owners/overview,60,47,1.2765957446808511,174,0,0,0.3333333333333333,16,29
/docs/guides/enforce-module-boundaries,58,49,1.183673469387755,157,0,0,0.17543859649122806,11,18
/docs/reference/devkit/NxPluginV2,58,54,1.0740740740740742,155,0,0,0.25,16,20
/docs/reference/devkit/defaultTasksRunner,57,50,1.14,145,0,0,0.1320754716981132,8,12
/docs/enterprise/powerpack/owners,56,51,1.0980392156862746,156,0,0,0.27419354838709675,22,25
/docs/reference/devkit/readJson,56,47,1.1914893617021276,142,0,0,0.2037037037037037,18,17
/docs/technologies/test-tools/detox,56,42,1.3333333333333333,185,0,0,0.1702127659574468,30,17
/docs/reference/devkit/Generator,54,51,1.0588235294117647,138,0,0,0.14814814814814814,15,15
/docs/reference/devkit/addProjectConfiguration,54,44,1.2272727272727273,121,0,0,0.08888888888888889,10,7
/docs/reference/devkit/convertNxExecutor,54,39,1.3846153846153846,116,0,0,0.12962962962962962,10,10
/docs/reference/devkit/removeProjectConfiguration,54,52,1.0384615384615385,150,0,0,0.09090909090909091,10,16
/docs/enterprise/single-tenant/custom-github-app,52,48,1.0833333333333333,151,0,0,0.3148148148148148,24,22
/docs/reference/devkit/ProjectGraphProjectNode,52,42,1.2380952380952381,124,0,0,0.15217391304347827,9,12
/docs/reference/devkit/joinPathFragments,52,47,1.1063829787234043,145,0,0,0.24528301886792453,21,20
/docs/reference/devkit/moveFilesToNewDirectory,52,47,1.1063829787234043,128,0,0,0.19230769230769232,10,18
/docs/reference/devkit/PreTasksExecution,51,40,1.275,136,0,0,0.18604651162790697,13,18
/docs/reference/devkit/applyChangesToString,51,49,1.0408163265306123,117,0,0,0.16,11,13
/docs/enterprise/single-tenant,50,41,1.2195121951219512,145,0,0,0.375,23,22
/docs/reference/devkit/Task,50,45,1.1111111111111112,137,0,0,0.22,11,14
/docs/reference/devkit/ProjectGraphDependency,49,44,1.1136363636363635,112,0,0,0.21739130434782608,9,13
/docs/enterprise/single-tenant/okta-saml,48,40,1.2,142,0,0,0.36,23,22
/docs/reference/deprecated/global-implicit-dependencies,48,36,1.3333333333333333,127,0,0,0.17777777777777778,18,20
/docs/reference/devkit/getDependencyVersionFromPackageJson,48,47,1.0212765957446808,121,0,0,0.16981132075471697,11,16
/docs/reference/devkit/output,48,45,1.0666666666666667,141,0,0,0.16666666666666666,8,16
/docs/reference/devkit/readCachedProjectGraph,48,40,1.2,126,0,0,0.125,18,16
/docs/concepts/ci-concepts,47,42,1.119047619047619,121,0,0,0.12244897959183673,11,10
/docs/reference/devkit/readNxJson,47,40,1.175,133,0,0,0.1590909090909091,11,12
/docs/reference/nx-cloud,47,38,1.236842105263158,124,0,0,0.11363636363636363,8,10
/docs/enterprise/publish-conformance-rules-to-nx-cloud,46,37,1.2432432432432432,118,0,0,0.4418604651162791,22,24
/docs/reference/conformance/executors,46,44,1.0454545454545454,112,0,0,0.10638297872340426,7,8
/docs/reference/devkit/TaskGraph,45,38,1.1842105263157894,116,0,0,0.1794871794871795,12,13
/docs/reference/devkit/getWorkspaceLayout,45,44,1.0227272727272727,114,0,0,0.24444444444444444,13,13
/docs/reference/devkit/updateNxJson,45,39,1.1538461538461537,116,0,0,0.13636363636363635,12,13
/docs/reference/devkit/writeJsonFile,45,38,1.1842105263157894,103,0,0,0.21739130434782608,10,12
/docs/enterprise/single-tenant/auth-gitlab,44,38,1.1578947368421053,117,0,0,0.26666666666666666,14,21
/docs/reference/devkit/Hash,44,44,1,137,0,0,0.26,27,14
/docs/reference/devkit/NxPlugin,44,42,1.0476190476190477,119,0,0,0.23255813953488372,14,17
/docs/reference/devkit/PostTasksExecution,44,42,1.0476190476190477,118,0,0,0.17777777777777778,11,9
/docs/reference/devkit/CreateDependenciesContext,43,42,1.0238095238095237,83,0,0,0.07142857142857142,5,4
/docs/reference/devkit/runTasksInSerial,43,38,1.131578947368421,119,0,0,0.12195121951219512,6,7
/docs/reference/devkit/FileChange,42,43,0.9767441860465116,110,0,0,0.24444444444444444,13,17
/docs/reference/devkit/NX_VERSION,42,39,1.0769230769230769,123,0,0,0.17073170731707318,14,15
/docs/reference/devkit/getPackageManagerCommand,42,39,1.0769230769230769,119,0,0,0.2926829268292683,16,15
/docs/reference/devkit/readTargetOptions,42,37,1.135135135135135,105,0,0,0.175,7,10
/docs/reference/devkit/CreateMetadata,41,40,1.025,79,0,0,0.14285714285714285,7,10
/docs/reference/devkit/CreateNodesResultV2,41,36,1.1388888888888888,105,0,0,0.10810810810810811,7,9
/docs/reference/devkit/normalizePath,41,39,1.0512820512820513,104,0,0,0.225,12,14
/docs/reference/devkit/offsetFromRoot,41,37,1.1081081081081081,95,0,0,0.14285714285714285,6,10
/docs/reference/devkit/readJsonFile,41,36,1.1388888888888888,103,0,0,0.2,9,9
/docs/reference/devkit/updateProjectConfiguration,41,36,1.1388888888888888,109,0,0,0.2702702702702703,12,11
/docs/reference/powerpack/conformance/executors,41,37,1.1081081081081081,109,0,0,0.15789473684210525,3,7
/docs/enterprise/single-tenant/auth-bitbucket,40,38,1.0526315789473684,103,0,0,0.15384615384615385,11,9
/docs/reference/devkit/DependencyType,40,38,1.0526315789473684,104,0,0,0.1,8,12
/docs/reference/devkit/GeneratorsJson,40,40,1,104,0,0,0.1951219512195122,9,9
/docs/reference/devkit/TaskHasher,40,37,1.0810810810810811,101,0,0,0.23684210526315788,12,15
/docs/reference/devkit/ensurePackage,40,38,1.0526315789473684,99,0,0,0.29545454545454547,11,11
/docs/reference/devkit/ngcli_adapter/mockSchematicsForTesting,40,37,1.0810810810810811,103,0,0,0.38461538461538464,13,17
/docs/technologies/react/remix,40,40,1,125,0,0,0.25,16,15
/docs/reference/devkit/CreateNodesResult,39,35,1.1142857142857143,74,0,0,0.13513513513513514,5,11
/docs/reference/devkit/createProjectFileMapUsingProjectGraph,39,38,1.0263157894736843,79,0,0,0.15384615384615385,7,9
/docs/reference/conformance/test-conformance-rule,38,27,1.4074074074074074,100,0,0,0.2619047619047619,5,10
/docs/reference/devkit/Executor,38,38,1,101,0,0,0.21052631578947367,9,9
/docs/reference/devkit/Hasher,38,38,1,121,0,0,0.2631578947368421,18,14
/docs/reference/devkit/ngcli_adapter,38,35,1.0857142857142856,101,0,0,0.21052631578947367,11,13
/docs/reference/devkit/readProjectsConfigurationFromProjectGraph,38,36,1.0555555555555556,98,0,0,0.15789473684210525,9,10
/docs/reference/powerpack/conformance/test-conformance-rule,38,26,1.4615384615384615,108,0,0,0.32432432432432434,11,12
/docs/technologies/angular/angular-rspack/guides,38,27,1.4074074074074074,102,0,0,0.06666666666666667,2,4
/docs/technologies/test-tools/detox/generators,38,35,1.0857142857142856,108,0,0,0.42857142857142855,19,19
/docs/enterprise/configure-conformance-rules-in-nx-cloud,37,35,1.0571428571428572,110,0,0,0.358974358974359,15,17
/docs/enterprise/single-tenant/auth-github,37,37,1,93,0,0,0.23076923076923078,12,12
/docs/reference/devkit/DynamicDependency,37,33,1.121212121212121,97,0,0,0.2222222222222222,13,11
/docs/reference/devkit/FileData,37,35,1.0571428571428572,84,0,0,0.16666666666666666,8,9
/docs/reference/devkit/validateDependency,37,35,1.0571428571428572,93,0,0,0.21052631578947367,8,12
/docs/reference/devkit/ChangeType,36,37,0.972972972972973,93,0,0,0.24324324324324326,9,12
/docs/reference/devkit/FileMap,36,36,1,100,0,0,0.21052631578947367,12,15
/docs/reference/devkit/ProjectFileMap,36,35,1.0285714285714285,105,0,0,0.16216216216216217,12,10
/docs/reference/devkit/ngcli_adapter/wrapAngularDevkitSchematic,36,35,1.0285714285714285,101,0,0,0.3783783783783784,18,17
/docs/reference/owners,36,29,1.2413793103448276,136,0,0,0.30303030303030304,23,15
/docs/reference/powerpack/owners/generators,36,35,1.0285714285714285,94,0,0,0.24324324324324326,8,9
/docs/technologies/react/remix/migrations,36,36,1,91,0,0,0.13513513513513514,7,10
/docs/reference/devkit/CreateMetadataContext,35,35,1,63,0,0,0.11428571428571428,4,6
/docs/reference/devkit/StaleProjectGraphCacheError,35,35,1,100,0,0,0.3888888888888889,16,18
/docs/reference/devkit/detectPackageManager,35,34,1.0294117647058822,78,0,0,0.13513513513513514,6,8
/docs/reference/devkit/updateTsConfigsToJs,35,31,1.1290322580645162,91,0,0,0.29411764705882354,10,12
/docs/reference/powerpack/conformance/generators,35,30,1.1666666666666667,88,0,0,0.21875,6,9
/docs/technologies/angular/angular-rspack-compiler/introduction,35,34,1.0294117647058822,97,0,0,0.029411764705882353,3,5
/docs/reference/benchmarks,34,34,1,113,0,0,0.22857142857142856,19,12
/docs/reference/deprecated/npm-scope,34,31,1.096774193548387,127,0,0,0.3333333333333333,15,14
/docs/reference/devkit/JsonParseOptions,34,33,1.0303030303030303,83,0,0,0.22857142857142856,9,10
/docs/reference/devkit/ProjectGraphExternalNode,34,30,1.1333333333333333,80,0,0,0.21875,9,9
/docs/reference/devkit/RemoteCache,34,30,1.1333333333333333,83,0,0,0.15151515151515152,5,5
/docs/reference/devkit/convertNxGenerator,34,31,1.096774193548387,78,0,0,0.14705882352941177,8,11
/docs/reference/devkit/writeJson,34,33,1.0303030303030303,84,0,0,0.29411764705882354,9,12
/docs/enterprise/powerpack/publish-conformance-rules-to-nx-cloud,33,22,1.5,91,0,0,0.29411764705882354,12,10
/docs/reference/devkit/CustomHasher,33,30,1.1,99,0,0,0.28125,14,15
/docs/reference/devkit/cacheDir,33,31,1.064516129032258,101,0,0,0.28125,12,14
/docs/technologies/build-tools/esbuild/migrations,33,25,1.32,116,0,0,0.25925925925925924,14,8
/docs/reference/conformance/generators,32,31,1.032258064516129,93,0,0,0.3333333333333333,10,10
/docs/reference/devkit/OverwriteStrategy,32,32,1,79,0,0,0.25,11,9
/docs/reference/devkit/PreTasksExecutionContext,32,28,1.1428571428571428,81,0,0,0.1724137931034483,6,8
/docs/reference/devkit/TaskResults,32,32,1,97,0,0,0.34375,14,15
/docs/reference/devkit/getPackageManagerVersion,32,31,1.032258064516129,80,0,0,0.25806451612903225,10,12
/docs/reference/devkit/GeneratorCallback,31,30,1.0333333333333334,79,0,0,0.21875,8,9
/docs/reference/devkit/parseJson,31,31,1,78,0,0,0.2903225806451613,11,11
/docs/reference/devkit/toJS,31,31,1,81,0,0,0.22580645161290322,9,9
/docs/enterprise/powerpack/configure-conformance-rules-in-nx-cloud,30,23,1.3043478260869565,79,0,0,0.3333333333333333,10,12
/docs/reference/devkit/ProjectsMetadata,30,30,1,83,0,0,0.13333333333333333,5,6
/docs/reference/devkit/parseTargetString,30,28,1.0714285714285714,71,0,0,0.20689655172413793,7,8
/docs/technologies/angular/angular-rspack-compiler,30,26,1.1538461538461537,83,0,0,0.11538461538461539,4,4
/docs/reference/deprecated,29,22,1.3181818181818181,64,0,0,0.2,6,7
/docs/reference/devkit/hashArray,29,29,1,73,0,0,0.13793103448275862,6,6
/docs/reference/devkit/reverse,29,29,1,80,0,0,0.10344827586206896,10,8
/docs/technologies/test-tools/detox/migrations,29,27,1.0740740740740742,72,0,0,0.3333333333333333,10,12
/docs/reference/devkit/ExpandedPluginConfiguration,28,27,1.037037037037037,65,0,0,0.1111111111111111,6,9
/docs/reference/devkit/StaticDependency,28,27,1.037037037037037,78,0,0,0.36666666666666664,13,14
/docs/reference/devkit/WorkspaceJsonConfiguration,28,29,0.9655172413793104,68,0,0,0.1724137931034483,5,10
/docs/reference/devkit/isWorkspacesEnabled,28,28,1,72,0,0,0.32142857142857145,10,13
/docs/technologies/vue/nuxt/migrations,28,25,1.12,70,0,0,0.11538461538461539,4,6
/docs/reference/devkit/ExecutorsJson,27,27,1,69,0,0,0.25,8,13
/docs/reference/devkit/JsonSerializeOptions,27,27,1,64,0,0,0.1111111111111111,6,6
/docs/reference/devkit/extractLayoutDirectory,27,27,1,74,0,0,0.3103448275862069,9,10
/docs/reference/devkit/isDaemonEnabled,27,27,1,72,0,0,0.2222222222222222,6,7
/docs/reference/devkit/stripJsonComments,27,27,1,47,0,0,0.07407407407407407,4,6
/docs/reference/devkit/MigrationsJson,26,25,1.04,62,0,0,0.19230769230769232,6,8
/docs/reference/devkit/PluginConfiguration,26,27,0.9629629629629629,76,0,0,0.18518518518518517,8,5
/docs/reference/devkit/PostTasksExecutionContext,26,27,0.9629629629629629,62,0,0,0.18518518518518517,6,6
/docs/reference/devkit/RawProjectGraphDependency,26,26,1,66,0,0,0.15384615384615385,6,7
/docs/reference/devkit/StringChange,26,25,1.04,73,0,0,0.25925925925925924,8,7
/docs/reference/devkit/StringDeletion,26,27,0.9629629629629629,63,0,0,0.18518518518518517,5,8
/docs/reference/devkit/nx_devkit,26,14,1.8571428571428572,118,0,0,0.391304347826087,21,10
/docs/reference/devkit/visitNotIgnoredFiles,26,26,1,65,0,0,0.07407407407407407,8,6
/docs/reference/deprecated/angular-schematics-builders,25,18,1.3888888888888888,71,0,0,0.38461538461538464,12,14
/docs/reference/devkit/ImplicitDependencyEntry,25,25,1,62,0,0,0.16,5,5
/docs/reference/devkit/getOutputsForTargetAndConfiguration,25,24,1.0416666666666667,61,0,0,0.375,8,8
/docs/reference/devkit/targetToTargetString,25,25,1,61,0,0,0.24,6,6
/docs/reference/devkit/TaskGraphExecutor,24,21,1.1428571428571428,54,0,0,0.21739130434782608,8,7
/docs/reference/devkit/ToJSOptions,24,23,1.0434782608695652,60,0,0,0.13043478260869565,5,7
/docs/reference/powerpack/owners,24,21,1.1428571428571428,79,0,0,0.28,10,5
/docs/reference/devkit/AsyncIteratorExecutor,23,24,0.9583333333333334,54,0,0,0.24,5,6
/docs/reference/devkit/PromiseExecutor,23,22,1.0454545454545454,57,0,0,0.22727272727272727,6,7
/docs/reference/devkit/StringInsertion,23,23,1,56,0,0,0.30434782608695654,7,7
/docs/technologies/eslint/eslint-plugin/migrations,23,19,1.2105263157894737,71,0,0,0.2,8,7
/docs/reference/devkit/HasherContext,22,22,1,54,0,0,0.17391304347826086,5,8
/docs/enterprise/single-tenant/auth-bitbucket-data-center,21,21,1,49,0,0,0.19047619047619047,6,6
/docs/reference/deprecated/workspace-json,21,18,1.1666666666666667,64,0,0,0.32,8,8
/docs/reference/devkit/CreateNodesFunction,21,12,1.75,61,0,0,0.16666666666666666,3,4
/docs/reference/devkit/TaskResult,21,22,0.9545454545454546,57,0,0,0.2727272727272727,8,8
/docs/reference/devkit/stripIndents,21,21,1,54,0,0,0.23809523809523808,6,6
/docs/reference/devkit/Migration,20,20,1,48,0,0,0.15,4,5
/docs/reference/devkit/ImplicitJsonSubsetDependency,19,19,1,50,0,0,0.3157894736842105,7,8
/docs/reference/devkit/serializeJson,19,19,1,39,0,0,0.15789473684210525,5,3
/docs/reference/powerpack,19,18,1.0555555555555556,68,0,0,0.4444444444444444,6,7
/docs/technologies/java/generators,18,15,1.2,60,0,0,0.26666666666666666,6,8
/docs/reference/deprecated/affected-graph,15,13,1.1538461538461537,35,0,0,0.3333333333333333,5,7
/docs/reference/deprecated/workspace-generators,15,13,1.1538461538461537,36,0,0,0.1875,3,4
/docs/reference/deprecated/runtime-cache-inputs,14,13,1.0769230769230769,41,0,0,0.2857142857142857,5,6
/docs/reference/deprecated/v1-nx-plugin-api,13,12,1.0833333333333333,31,0,0,0.15384615384615385,3,5
/docs/technologies/module-federation/concepts/nx-api/module-federation/documents/nx-module-federation-plugin,13,12,1.0833333333333333,43,0,0,0,0,2
/docs/angular,12,9,1.3333333333333333,46,0,0,0.6666666666666666,8,6
/docs/technologies/java/migrations,12,11,1.0909090909090908,33,0,0,0.3333333333333333,3,5
/docs/features/ci-features/explain-with-ai,11,10,1.1,47,0,0,0.4,7,7
/docs/technologies/java/executors,11,10,1.1,49,0,0,0.7,8,8
/docs/reference/deprecated/cacheable-operations,10,10,1,33,0,0,0.25,3,5
/docs/technologies/build-tools/docker/migrations,10,8,1.25,31,0,0,0.125,2,2
/docs/technologies/build-tools/rollup/migrations,10,7,1.4285714285714286,25,0,0,0.14285714285714285,1,1
/docs/technologies/module-federation/concepts/nx-api/module-federation/documents/nx-module-federation-dev-server-plugin,10,10,1,34,0,0,0.18181818181818182,1,3
/docs/reference/devkit/workspaceroot,9,7,1.2857142857142858,37,0,0,0.14285714285714285,5,2
/docs/reference/nx-commands/migrate,9,9,1,36,0,0,1,9,9
/docs/technologies/test-tools/playwright/migrations,9,9,1,31,0,0,0.5555555555555556,6,5
/docs/extending-nx/executors,8,8,1,33,0,0,1,8,8
/docs/reference/deprecated/workspace-executors,8,7,1.1428571428571428,19,0,0,0.4444444444444444,3,3
/docs/technologies/angular/overview,8,8,1,32,0,0,0.7777777777777778,7,7
/docs/technologies/dotnet/migrations,8,8,1,28,0,0,0.5,5,4
/docs/enterprise/single-tenant/auth-saml,7,7,1,22,0,0,0.14285714285714285,4,3
/docs/recipes/other/eslint,7,7,1,30,0,0,1,7,7
/docs/reference/devkit/CreateNodesContext,7,7,1,13,0,0,0.14285714285714285,0,2
/docs/technologies/react/setup,7,7,1,31,0,0,1,7,7
/docs/recipes/adopting-nx/adding-to-existing-project,6,6,1,27,0,0,1,6,6
/docs/technologies/build-tools/rsbuild/migrations,6,6,1,22,0,0,0.3333333333333333,3,2
/docs/technologies/module-federation/concepts/nx-module-federation-technical-overview/nx-api/module-federation/documents/nx-module-federation-dev-server-plugin,6,6,1,24,0,0,0,3,0
/docs/concepts/ci-concepts/ai-features,5,5,1,24,0,0,1,5,5
/docs/concepts/module-federation/module-boundary-rules,5,5,1,21,0,0,1,5,5
/docs/technologies/module-federation/concepts/nx-module-federation-technical-overview/nx-api/module-federation/documents/nx-module-federation-plugin,5,5,1,19,0,0,0,3,1
/docs,4,4,1,16,0,0,1,4,4
/docs/concepts/monorepo-nx,4,4,1,17,0,0,1,4,4
/docs/extending-nx/writing-generators,4,1,4,11,0,0,0.3333333333333333,1,2
/docs/getting-started/intro),4,1,4,12,0,0,0,0,0
/docs/getting-started/start-with-existing-project_,4,2,2,18,0,0,0,2,0
/docs/recipes/adopting-nx/updating-nx,4,4,1,16,0,0,1,4,4
/docs/reference/devkit/CreateNodes,4,4,1,17,0,0,0.25,1,1
/docs/technologies/react/guides/react-compiler-migration-guide,4,2,2,18,0,0,0,2,0
/docs/troubleshooting/troubleshoot-nx-install-issues](https:/nx.dev/docs/troubleshooting/troubleshoot-nx-install-issues),4,3,1.3333333333333333,17,0,0,0,3,3
/docs/404,3,3,1,16,0,0,1,3,3
/docs/concepts/module-federation/module-federation-and-nx,3,3,1,13,0,0,1,3,3
/docs/concepts/more-concepts/sharing-code,3,1,3,12,0,0,0,0,0
/docs/extending-nx/generators,3,3,1,13,0,0,1,3,3
/docs/getting-started/tutorials/angular-tutorial,3,3,1,12,0,0,1,3,3
/docs/getting-started/why-nx,3,3,1,12,0,0,0.6666666666666666,2,2
/docs/guides/taskscaching/run-tasks-in-parallel,3,1,3,15,0,0,0.5,1,1
/docs/reference/devkit/implicitdependency,3,3,1,9,0,0,0.25,0,0
/docs/reference/devkit/projecttype,3,3,1,14,0,0,0.5,2,3
/docs/reference/versions,3,3,1,12,0,0,1,3,3
/docs/showcase,3,2,1.5,8,0,0,0,0,0
/docs/tec,3,1,3,10,0,0,0,1,1
/docs/technologi...https:/nx.dev/docs/technologies/eslint/executors,3,1,3,9,0,0,0,1,1
/docs/technologies/angular/executors/dev-server,3,2,1.5,12,0,0,0.3333333333333333,0,0
/docs/technologies/angular/guides/deploy-angular-to-vercel,3,3,1,12,0,0,1,3,3
/docs/technologies/node/express/migrations,3,3,1,9,0,0,0.3333333333333333,1,1
/docs/technologies/react/guides/remix,3,2,1.5,14,0,0,0.5,1,1
/docs/changelog,2,2,1,8,0,0,0,1,0
/docs/ci/features/affected,2,1,2,4,0,0,0,0,0
/docs/cli/migrate,2,2,1,8,0,0,1,2,2
/docs/concepts/affected,2,2,1,10,0,0,0.6666666666666666,1,1
/docs/concepts/decisions/dependency-management](https:/nx.dev/docs/concepts/decisions/dependency-management),2,1,2,8,0,0,0,1,0
/docs/concepts/integrated-vs-package-based,2,2,1,6,0,0,1,2,2
/docs/concepts/migrate-command,2,2,1,8,0,0,1,2,2
/docs/concepts/more-concepts,2,1,2,6,0,0,0,0,0
"/docs/features/automate-updating-dependencies),",2,2,1,12,0,0,0,2,0
/docs/features/enforce-module-boundaries).,2,1,2,6,0,0,0,0,1
/docs/getting-started/package-manager-setup,2,2,1,8,0,0,1,2,2
/docs/getting-started/tutorials/node-standalone-tutorial,2,2,1,8,0,0,1,2,2
/docs/guides/nx-release/release-changelog,2,2,1,7,0,0,1,2,2
/docs/guides/nx-release/release-github,2,2,1,7,0,0,1,2,2
/docs/guides/update-nx,2,2,1,8,0,0,1,2,2
/docs/recipes/package-managers/pnpm,2,2,1,8,0,0,1,2,2
/docs/reference/core-api/conformance,2,2,1,11,0,0,0.5,2,2
/docs/reference/devkit/readcachedprojectgraph,2,2,1,6,0,0,0,1,1
/docs/reference/devkit/target,2,2,1,8,0,0,0,2,0
/docs/reference/devkit/targetdependencyconfig,2,1,2,9,0,0,0,0,0
/docs/reference/migration/migration-webpack,2,2,1,6,0,0,1,2,2
/docs/reference/nx-cli,2,2,1,9,0,0,0.5,1,1
/docs/reference/project-json,2,2,1,9,0,0,0,0,1
"/docs/reference/remote-cache-plugins/gcs-cache/overview,*",2,1,2,7,0,0,0,1,0
/docs/showcase/example-repos/add-express,2,2,1,5,0,0,0,0,1
/docs/technologies/eslint/guides/custom-workspace-rules.,2,1,2,6,0,0,0,0,0
/docs/technologies/nest/overview,2,2,1,7,0,0,1,2,2
/docs/technologies/nestjs/generators,2,1,2,7,0,0,0,0,0
/docs/technologies/next,2,2,1,6,0,0,0,0,0
/docs/technologies/node/angular/generators,2,2,1,9,0,0,0,1,0
/docs/technologies/react/react-native/api/generators/storybook-configuration,2,1,2,8,0,0,0,0,0
/docs/technologies/vite/introduction,2,2,1,7,0,0,0,0,0
/docs',1,1,1,2,0,0,0,0,0
/docs/,1,1,1,3,0,0,1,1,1
/docs/ci/features/split-e2e-tasks,1,1,1,3,0,0,0,0,1
/docs/concepts/decisions/dependency-management),1,1,1,4,0,0,0,1,0
/docs/concepts/decisions/scaling-your-org,1,1,1,3,0,0,0,0,0
/docs/concepts/integrated-monorepos,1,1,1,3,0,0,1,1,1
/docs/concepts/migrate-to-nx,1,1,1,4,0,0,1,1,1
/docs/concepts/migrate/overview,1,1,1,5,0,0,1,1,1
/docs/concepts/module-federation/faster-builds-with-module-federation,1,1,1,3,0,0,1,1,1
/docs/concepts/monorepo-architecture,1,1,1,3,0,0,1,1,1
/docs/concepts/monorepo-structure,1,1,1,3,0,0,1,1,1
/docs/concepts/more-about-nx/monorepo-patterns,1,1,1,3,0,0,1,1,1
/docs/concepts/more-concepts/how-project-graph-is-built,1,1,1,3,0,0,1,1,1
/docs/concepts/more-concepts/project-graph,1,1,1,7,0,0,0,0,0
/docs/core-features/releases,1,1,1,3,0,0,1,1,1
/docs/deprecated,1,1,1,4,0,0,0,0,0
/docs/deprecated/affected-graph,1,1,1,4,0,0,0,0,0
/docs/devkit/generateFiles,1,1,1,4,0,0,0,1,0
/docs/ecosystem/plugin-esbuild,1,1,1,3,0,0,1,1,1
/docs/extending-nx/guides,1,1,1,3,0,0,0,0,0
/docs/fe,1,1,1,4,0,0,1,1,1
/docs/features/cache-tasks,1,1,1,6,0,0,1,1,1
/docs/features/ci-featu,1,1,1,6,0,0,0,1,0
/docs/features/ci-features/remote-cache.,1,1,1,2,0,0,0,0,0
/docs/features/ci-features/split-e2e-task,1,1,1,4,0,0,0,1,0
/docs/features/distribute-tasks,1,1,1,6,0,0,0,1,1
/docs/features/docker,1,1,1,3,0,0,1,1,1
/docs/features/explore/dep-graph,1,1,1,4,0,0,1,1,1
/docs/features/integrate-with-ai/mcp,1,1,1,4,0,0,1,1,1
/docs/features/manage-releases),1,1,1,5,0,0,0,1,0
/docs/features/testing,1,1,1,3,0,0,1,1,1
/docs/features/typescript/path-mappings,1,1,1,4,0,0,1,1,1
/docs/features/version-and-publish,1,1,1,6,0,0,1,1,1
/docs/frameworks/nest/migration,1,1,1,3,0,0,1,1,1
/docs/frameworks/nest/overview,1,1,1,3,0,0,1,1,1
/docs/frameworks/next,1,1,1,3,0,0,1,1,1
/docs/frameworks/next/overview,1,1,1,3,0,0,1,1,1
/docs/get-started/update-nx,1,1,1,4,0,0,1,1,1
/docs/getting-started/ai-setup.md,1,1,1,3,0,0,0,0,0
/docs/getting-started/ai-setupjk,1,1,1,3,0,0,0,1,1
/docs/getting-started/editor-setupPrefer using the inject() function over constructor         static:lint                        parameter injection. Use Angular's migration schematic to automatica        sector-analysis-feature:lint       lly refactor: ng generate @angular/core:inject,1,1,1,4,0,0,1,1,1
/docs/getting-started/inst,1,1,1,4,0,0,0,0,0
/docs/getting-started/installationcreat a menu in angular,1,1,1,3,0,0,0,1,1
/docs/getting-started/installatiospotufy,1,1,1,3,0,0,0,0,1
/docs/getting-started/intro   nx ,1,1,1,5,0,0,0,1,0
/docs/getting-started/introtanstack start,1,1,1,3,0,0,0,0,1
/docs/getting-started/nestjs,1,1,1,4,0,0,0,0,0
/docs/getting-started/nx-and-angular,1,1,1,4,0,0,0,0,0
/docs/getting-started/package-base-repo-tutorial,1,1,1,4,0,0,0,0,1
/docs/getting-started/start-new-projectTurborepo,1,1,1,4,0,0,0,0,1
/docs/getting-started/tutorials/angular-standalone-tutorial,1,1,1,3,0,0,1,1,1
/docs/getting-started/tutorials/node,1,1,1,5,0,0,0,0,0
/docs/getting-started/tutorials/type-script-packages-tutorial,1,1,1,6,0,0,0,1,0
/docs/getting-started/tutorials/typescript-packages-tutorial.md,1,1,1,4,0,0,0,1,0
/docs/getting-started/updating-nx,1,1,1,4,0,0,1,1,1
/docs/guide/monorepo-nx-webpack,1,1,1,3,0,0,1,1,1
/docs/guide/monorepo-type-safety,1,1,1,4,0,0,1,1,1
/docs/guides/adopting-nx/adding-to-existing,1,1,1,3,0,0,0,0,0
/docs/guides/debugging,1,1,1,3,0,0,1,1,1
/docs/guides/misc/migration,1,1,1,3,0,0,1,1,1
/docs/guides/misc/migration/migration-core,1,1,1,3,0,0,1,1,1
/docs/guides/misc/migration/migration-v15,1,1,1,3,0,0,1,1,1
/docs/guides/module-federation,1,1,1,3,0,0,1,1,1
/docs/guides/nx-cloud/task-resource-usage,1,1,1,4,0,0,0,1,1
/docs/guides/nx-release/manage-releases,1,1,1,3,0,0,1,1,1
/docs/guides/nx-release/version-plan,1,1,1,3,0,0,0,0,0
/docs/guides/nx-release/version-plans,1,1,1,4,0,0,0,1,0
/docs/guides/release,1,1,1,3,0,0,1,1,1
/docs/guides/tasks-caching/run-tasks-in-parallel,1,1,1,4,0,0,0,0,0
/docs/guides/tasks-caching/self-hosted-caching,1,1,1,3,0,0,1,1,1
/docs/guides/testing-best-practices,1,1,1,6,0,0,0,1,0
/docs/guides/tips-n-tricks/browser-suppor,1,1,1,4,0,0,0,1,0
/docs/guides/update-nx-workspace,1,1,1,4,0,0,1,1,1
/docs/guides/updating-nx,1,1,1,3,0,0,1,1,1
/docs/guifrd,1,1,1,4,0,0,0,1,0
/docs/introduction,1,1,1,5,0,0,1,1,1
/docs/latest/getting-started/intro,1,1,1,5,0,0,0,1,1
/docs/llms.txt,1,1,1,4,0,0,0,0,0
/docs/node/nest/generate-app,1,1,1,3,0,0,1,1,1
/docs/nx-api/nest/generators,1,1,1,4,0,0,1,1,1
/docs/nx-api/next,1,1,1,2,0,0,0,0,0
/docs/nx-cloud/intro/get-started,1,1,1,4,0,0,1,1,1
/docs/og/enterprise/activate-powerpack.png,1,1,1,3,0,0,1,1,1
/docs/plugin,1,1,1,2,0,0,0,0,0
/docs/plugins,1,1,1,2,0,0,0,0,0
/docs/plugins/rust/overview,1,1,1,5,0,0,1,1,1
/docs/quickstartangualr v21 typescript,1,1,1,3,0,0,0,0,0
/docs/recipes/adopting-nx/adding-to-monorepo,1,1,1,2,0,0,0,0,0
/docs/recipes/ci/monorepo-ci-netlify,1,1,1,4,0,0,1,1,1
/docs/recipes/ci/nx-and-docker,1,1,1,3,0,0,1,1,1
/docs/recipes/deployment/docker,1,1,1,3,0,0,1,1,1
/docs/recipes/docker/introduction,1,1,1,2,0,0,0,0,0
/docs/recipes/module-federation,1,1,1,3,0,0,1,1,1
/docs/reference/commands/run-many,1,1,1,3,0,0,1,1,1
/docs/reference/core-api/conformance/overview,1,1,1,5,0,0,1,1,1
/docs/reference/create-nx-plugin,1,1,1,4,0,0,0,0,0
/docs/reference/devkit/PackageManager is used for,1,1,1,3,0,0,0,0,0
/docs/reference/devkit/defaultTasksRunnertasksRunnerOptions,1,1,1,3,0,0,0,0,0
/docs/reference/devkit/generator,1,1,1,2,0,0,0,0,0
/docs/reference/devkit/getworkspacelayout,1,1,1,1,0,0,0,0,1
/docs/reference/devkit/migration,1,1,1,2,0,0,0,0,0
/docs/reference/devkit/nxjsonconfiguration,1,1,1,5,0,0,0,1,0
/docs/reference/devkit/targetconfiguration,1,1,1,2,0,0,0,0,0
/docs/reference/environment-variables.md,1,1,1,3,0,0,0,1,0
/docs/reference/executors/vite-build,1,1,1,3,0,0,1,1,1
/docs/reference/executors/vitest,1,1,1,3,0,0,1,1,1
/docs/reference/nodejs-typescript-compatibility|https:/nx.dev/docs/reference/nodejs-typescript-compatibility,1,1,1,6,0,0,1,1,1
/docs/reference/nx-api,1,1,1,3,0,0,1,1,1
/docs/reference/nx-api/nx-migrate,1,1,1,4,0,0,1,1,1
/docs/reference/nx-cloud/dte,1,1,1,4,0,0,0,0,1
/docs/reference/nx-commands/nx-migrate,1,1,1,4,0,0,1,1,1
/docs/reference/nx-js,1,1,1,4,0,0,0,0,1
/docs/reference/nx-json/definitions/inputs,1,1,1,2,0,0,0,0,0
/docs/reference/nx-release,1,1,1,3,0,0,1,1,1
/docs/reference/nx/executorsgem,1,1,1,4,0,0,0,0,1
/docs/reference/nx/migratinx migrate ons,1,1,1,3,0,0,0,0,0
/docs/reference/nx/migrations matrix,1,1,1,4,0,0,0,0,0
/docs/reference/nx/nx-migrate,1,1,1,4,0,0,1,1,1
/docs/reference/output,1,1,1,4,0,0,0,0,0
/docs/reference/outputs,1,1,1,4,0,0,0,0,0
/docs/reference/plugins/nest,1,1,1,3,0,0,1,1,1
/docs/reference/releases/16-17,1,1,1,3,0,0,1,1,1
/docs/reference/releases/latest-migration,1,1,1,3,0,0,1,1,1
"/docs/reference/remote-cache-plugins/s3-cache/overview,",1,1,1,3,0,0,0,0,0
/docs/reference/remote-cache-plugins/shared-fs-cache/overview),1,1,1,4,0,0,0,0,1
/docs/reference/workspace-api,1,1,1,3,0,0,1,1,1
/docs/showcase/excample-repos/add-express,1,1,1,3,0,0,0,0,0
/docs/technologi...,1,1,1,4,0,0,0,0,0
/docs/technologi...https:/nx.dev/docs/technologies/eslint/executors111a111,1,1,1,6,0,0,0,1,0
/docs/technologi...https:/nx.dev/docs/technologies/eslint/executors111a111https:/nx.dev/docs/technologies/eslint/executors111a111,1,1,1,4,0,0,0,0,0
/docs/technologie,1,1,1,4,0,0,0,0,0
/docs/technologies/angular-devkit/executors,1,1,1,3,0,0,0,0,0
/docs/technologies/angular/executor/dev-server,1,1,1,4,0,0,0,0,1
/docs/technologies/angular/executors/application,1,1,1,4,0,0,0,0,0
/docs/technologies/angular/guides/angular-nx-version-matrix)x,1,1,1,3,0,0,1,1,1
/docs/technologies/angular/guides/angular-nx-version-matrix.,1,1,1,4,0,0,0,1,0
/docs/technologies/angular/guides/node-nx-version-matrix,1,1,1,4,0,0,0,0,0
/docs/technologies/angular/guides/nx-and-angularl,1,1,1,3,0,0,1,1,1
/docs/technologies/angular/guides/setup-angular,1,1,1,3,0,0,1,1,1
/docs/technologies/angular/guides/use-environment-variables-in-angula,1,1,1,4,0,0,0,1,0
/docs/technologies/angular/guides/using-tailwind-css-in-angular,1,1,1,4,0,0,0,0,0
/docs/technologies/angular/introduction | Axiom 360 Front End team Connect | Microsoft Teams,1,1,1,5,0,0,0,1,0
/docs/technologies/angular/introduction*,1,1,1,6,0,0,0,1,0
/docs/technologies/angular/module-federation,1,1,1,3,0,0,1,1,1
/docs/technologies/angular/monorepo-tutorial,1,1,1,3,0,0,1,1,1
/docs/technologies/angular/next/migrations,1,1,1,4,0,0,0,0,0
/docs/technologies/angular/receipes,1,1,1,4,0,0,0,0,0
/docs/technologies/angular/recipes,1,1,1,4,0,0,0,0,0
/docs/technologies/angular/recipes/angular-nx-version-matrix,1,1,1,4,0,0,0,0,0
/docs/technologies/build-tools/docker/executor-build,1,1,1,3,0,0,1,1,1
/docs/technologies/build-tools/docker/executors/build,1,1,1,5,0,0,0,1,0
/docs/technologies/build-tools/js/executors,1,1,1,4,0,0,0,0,0
/docs/technologies/build-tools/rspack/module-federation,1,1,1,3,0,0,1,1,1
/docs/technologies/build-tools/vitest,1,1,1,5,0,0,0,0,0
/docs/technologies/build-tools/vitest/executors,1,1,1,2,0,0,0,0,1
/docs/technologies/build-tools/vitest/introduction,1,1,1,4,0,0,0,0,0
/docs/technologies/build-tools/webpack/executors watch,1,1,1,3,0,0,0,0,0
/docs/technologies/build-tools/webpack/webpack-config-setup,1,1,1,3,0,0,1,1,1
/docs/technologies/eslint/eslint-plugin/features,1,1,1,4,0,0,0,0,0
/docs/technologies/eslint/eslint-plugin/guides/dependency-checksf,1,1,1,4,0,0,0,0,1
/docs/technologies/eslint/eslint-plugin/guides/enforce-module-boundaries48,1,1,1,3,0,0,0,0,0
/docs/technologies/eslint/executors https:/nx.dev/docs/technologies/eslint/executors,1,1,1,8,0,0,0,1,0
/docs/technologies/eslint/executors.md,1,1,1,2,0,0,0,0,0
/docs/technologies/eslint/guides/custom-workspace-rulesgith,1,1,1,4,0,0,0,0,1
/docs/technologies/express/introduction,1,1,1,3,0,0,0,0,0
/docs/technologies/java/gradle/configuration,1,1,1,3,0,0,1,1,1
/docs/technologies/java/gradle/overview,1,1,1,4,0,0,1,1,1
/docs/technologies/java/maven/executors,1,1,1,3,0,0,1,1,1
/docs/technologies/js/introduction,1,1,1,4,0,0,0,0,0
/docs/technologies/module-federation/concepts/bWljcm8tZn,1,1,1,5,0,0,1,1,1
/docs/technologies/module-federation/concepts/federation-configuration,1,1,1,3,0,0,1,1,1
/docs/technologies/module-federation/creating-a-host,1,1,1,3,0,0,0,0,0
/docs/technologies/module-federation/reference/nx-module-federation-plugin,1,1,1,2,0,0,0,0,0
/docs/technologies/nes/generators,1,1,1,4,0,0,0,0,0
/docs/technologies/nest,1,1,1,3,0,0,0,0,0
/docs/technologies/nest/generators,1,1,1,3,0,0,0,0,0
/docs/technologies/nest/introduction,1,1,1,3,0,0,0,0,0
/docs/technologies/nestjs,1,1,1,4,0,0,0,0,0
/docs/technologies/nestjs/introduction,1,1,1,3,0,0,0,0,0
/docs/technologies/nextjs,1,1,1,5,0,0,0,0,0
/docs/technologies/nextjs/generators,1,1,1,4,0,0,0,0,0
/docs/technologies/node/executors,1,1,1,3,0,0,0,0,0
/docs/technologies/node/nest/executors,1,1,1,4,0,0,0,0,0
/docs/technologies/node/nestjs,1,1,1,4,0,0,0,0,0
/docs/technologies/node/nestjs/executors,1,1,1,4,0,0,0,0,0
/docs/technologies/node/next,1,1,1,3,0,0,0,0,1
/docs/technologies/node/react/generators,1,1,1,4,0,0,0,0,0
/docs/technologies/nuxt,1,1,1,5,0,0,0,0,0
/docs/technologies/nuxt/generators,1,1,1,4,0,0,0,0,0
/docs/technologies/react-native/api/generators/storybook-configuration,1,1,1,4,0,0,0,0,0
/docs/technologies/react-native/migrations,1,1,1,5,0,0,1,1,1
/docs/technologies/react/expo/migrationsnx expo 22.2. react native compatibility,1,1,1,4,0,0,0,0,0
/docs/technologies/react/generators/pwa-configuration,1,1,1,2,0,0,0,0,1
/docs/technologies/react/guides/react-nx-version-matrix,1,1,1,4,0,0,0,0,0
/docs/technologies/react/guides/setup-incremental-builds-angular,1,1,1,3,0,0,0,0,0
/docs/technologies/react/nest/executors,1,1,1,4,0,0,0,0,0
/docs/technologies/test-tools/cypres,1,1,1,3,0,0,0,0,0
/docs/technologies/test-tools/cypress/guides/cypress-v10-migration,1,1,1,4,0,0,0,0,0
/docs/technologies/test-tools/jest/introductio,1,1,1,4,0,0,0,0,0
/docs/technologies/test-tools/storybook/guides/angular-storybook-vite,1,1,1,2,0,0,1,1,1
/docs/technologies/test-tools/storybook/guides/storybook-,1,1,1,2,0,0,0,0,0
/docs/technologies/test-tools/vite,1,1,1,4,0,0,0,0,0
/docs/technologies/test-tools/vite/executors,1,1,1,4,0,0,0,0,0
/docs/technologies/test-tools/vitestexecutors,1,1,1,4,0,0,0,0,0
/docs/technologies/typescript/eslint,1,1,1,3,0,0,1,1,1
/docs/technologies/typescript/guides/switch-to-workspaces-project-references,1,1,1,6,0,0,0,1,0
/docs/technologies/typescript/tsc,1,1,1,3,0,0,0,0,0
/docs/technologies/vite/generators,1,1,1,3,0,0,0,0,0
/docs/troubleshooting/performance-profiling|https:/nx.dev/docs/troubleshooting/performance-profiling|smart-link,1,1,1,3,0,0,0,0,0
/docs/typescript/executors,1,1,1,4,0,0,0,0,0
/docs/x-release,1,1,1,4,0,0,0,0,1
/docs/reference/devkit/nx_version,0,1,0,1,0,0,1,0,0

